Baseline:, ,12-50-35,-0.0117
Baseline:, ,12-50-35,-0.0029
Baseline:, ,12-50-35,-0.0117
Baseline:, ,12-50-35,-0.0117
Baseline:, ,12-50-35,0.0000
Baseline:, ,12-50-35,-0.0059
Baseline:, ,12-50-35,-0.0117
Baseline:, ,12-50-35,-0.0117
Baseline:, ,12-50-35,0.0000
Baseline:, ,12-50-35,-0.0117
Baseline:, ,12-50-35,-0.0088
Baseline:, ,12-50-35,-0.0088
Baseline:, ,12-50-35,-0.0029
Baseline:, ,12-50-35,-0.0234
Baseline:, ,12-50-35,-0.0059
Baseline:, ,12-50-35,-0.0088
Baseline:, ,12-50-35,-0.0146
Baseline:, ,12-50-37,-0.0059
Baseline:, ,12-50-37,-0.0059
Baseline:, ,12-50-37,-0.0088
Baseline:, ,12-50-37,0.0000
Baseline:, ,12-50-37,-0.0088
Baseline:, ,12-50-37,0.0088
Baseline:, ,12-50-37,-0.0029
Baseline:, ,12-50-37,-0.0146
Baseline:, ,12-50-37,-0.0117
Baseline:, ,12-50-37,-0.0146
Baseline:, ,12-50-37,-0.0117
Baseline:, ,12-50-37,-0.0088
Baseline:, ,12-50-37,-0.0059
Baseline:, ,12-50-37,-0.0088
Baseline:, ,12-50-37,-0.0059
Baseline:, ,12-50-37,0.0059
Baseline:, ,12-50-37,-0.0029
Baseline:, ,12-50-37,0.0000
Baseline:, ,12-50-37,-0.0029
Baseline:, ,12-50-37,-0.0029
Baseline:, ,12-50-37,-0.0146
Baseline:, ,12-50-37,-0.0176
Baseline:, ,12-50-37,-0.0146
Baseline:, ,12-50-37,-0.0059
Baseline:, ,12-50-37,-0.0146
Baseline:, ,12-50-37,-0.0088
Baseline:, ,12-50-37,0.0029
Baseline:, ,12-50-37,0.0000
Baseline:, ,12-50-37,-0.0088
Baseline:, ,12-50-37,0.0029
Baseline:, ,12-50-37,-0.0088
Baseline:, ,12-50-37,-0.0088
Baseline:, ,12-50-37,-0.0146
Baseline:, ,12-50-37,-0.0088
Baseline:, ,12-50-37,-0.0029
Baseline:, ,12-50-37,-0.0088
Baseline:, ,12-50-37,-0.0088
Baseline:, ,12-50-37,-0.0117
Baseline:, ,12-50-37,-0.0059
Baseline:, ,12-50-37,-0.0117
Baseline:, ,12-50-37,-0.0029
Baseline:, ,12-50-37,-0.0146
Baseline:, ,12-50-37,-0.0176
Baseline:, ,12-50-37,-0.0176
Baseline:, ,12-50-37,-0.0088
Baseline:, ,12-50-37,-0.0117
Baseline:, ,12-50-37,-0.0117
Baseline:, ,12-50-37,-0.0117
Baseline:, ,12-50-37,-0.0059
Baseline:, ,12-50-37,-0.0059
Baseline:, ,12-50-37,-0.0117
Baseline:, ,12-50-37,-0.0117
Baseline:, ,12-50-37,-0.0146
Baseline:, ,12-50-37,-0.0029
Baseline:, ,12-50-37,0.0000
Baseline:, ,12-50-37,0.0000
Baseline:, ,12-50-37,-0.0059
Baseline:, ,12-50-37,-0.0029
Baseline:, ,12-50-37,-0.0059
Baseline:, ,12-50-37,-0.0029
Baseline:, ,12-50-37,-0.0146
Baseline:, ,12-50-37,-0.0059
Baseline:, ,12-50-37,-0.0059
Baseline:, ,12-50-37,-0.0117
Baseline:, ,12-50-37,-0.0059
Baseline:, ,12-50-37,-0.0117
Baseline:, ,12-50-37,0.0000
Baseline:, ,12-50-37,-0.0029
Baseline:, ,12-50-37,-0.0117
Baseline:, ,12-50-37,-0.0088
Baseline:, ,12-50-37,-0.0088
Baseline:, ,12-50-37,-0.0088
Baseline:, ,12-50-37,-0.0088
Baseline:, ,12-50-37,-0.0059
Baseline:, ,12-50-37,-0.0117
Baseline:, ,12-50-37,-0.0029
Baseline:, ,12-50-37,-0.0088
Baseline:, ,12-50-37,-0.0176
Baseline:, ,12-50-37,-0.0117
Baseline:, ,12-50-37,-0.0059
Baseline:, ,12-50-37,-0.0029
Baseline:, ,12-50-37,-0.0029
Baseline:, ,12-50-37,-0.0059
Baseline:, ,12-50-37,-0.0117
Baseline:, ,12-50-37,-0.0059
Baseline:, ,12-50-37,-0.0088
Baseline:, ,12-50-37,0.0000
Baseline:, ,12-50-37,-0.0059
Baseline:, ,12-50-37,-0.0059
Baseline:, ,12-50-37,-0.0117
Baseline:, ,12-50-37,-0.0029
Baseline:, ,12-50-37,-0.0117
Baseline:, ,12-50-37,-0.0059
Baseline:, ,12-50-37,-0.0117
Baseline:, ,12-50-37,-0.0146
Baseline:, ,12-50-37,-0.0117
Baseline:, ,12-50-37,-0.0059
Baseline:, ,12-50-37,-0.0117
Baseline:, ,12-50-37,-0.0088
Baseline:, ,12-50-37,-0.0059
Baseline:, ,12-50-37,-0.0088
Baseline:, ,12-50-37,-0.0088
Baseline:, ,12-50-37,-0.0117
Baseline:, ,12-50-37,-0.0059
Baseline:, ,12-50-37,-0.0088
Baseline:, ,12-50-37,-0.0059
Baseline:, ,12-50-37,-0.0029
Baseline:, ,12-50-37,-0.0059
Baseline:, ,12-50-37,-0.0117
Baseline:, ,12-50-37,-0.0059
Baseline:, ,12-50-37,-0.0059
Baseline:, ,12-50-37,-0.0117
Baseline:, ,12-50-37,-0.0059
Baseline:, ,12-50-37,-0.0117
Baseline:, ,12-50-37,-0.0059
Baseline:, ,12-50-37,-0.0088
Baseline:, ,12-50-37,-0.0059
Baseline:, ,12-50-37,-0.0176
Baseline:, ,12-50-37,-0.0176
Baseline:, ,12-50-37,-0.0029
Baseline:, ,12-50-37,-0.0117
Baseline:, ,12-50-37,-0.0029
Baseline:, ,12-50-37,-0.0146
Baseline:, ,12-50-37,-0.0088
Baseline:, ,12-50-37,-0.0117
Baseline:, ,12-50-37,-0.0088
Baseline:, ,12-50-37,0.0000
Baseline:, ,12-50-37,-0.0117
Baseline:, ,12-50-37,-0.0117
Baseline:, ,12-50-37,-0.0088
Baseline:, ,12-50-37,-0.0176
Baseline:, ,12-50-37,0.0000
Baseline:, ,12-50-37,-0.0059
Baseline:, ,12-50-37,-0.0088
Baseline:, ,12-50-37,-0.0117
Baseline:, ,12-50-37,-0.0146
Baseline:, ,12-50-37,-0.0117
Baseline:, ,12-50-37,-0.0059
Baseline:, ,12-50-37,0.0029
Baseline:, ,12-50-37,-0.0059
Baseline:, ,12-50-37,-0.0029
Baseline:, ,12-50-37,0.0000
Baseline:, ,12-50-37,-0.0029
Baseline:, ,12-50-37,-0.0088
Baseline:, ,12-50-37,-0.0117
Baseline:, ,12-50-37,-0.0029
Baseline:, ,12-50-37,-0.0117
Baseline:, ,12-50-37,-0.0059
Baseline:, ,12-50-37,-0.0059
Baseline:, ,12-50-37,-0.0117
Baseline:, ,12-50-37,0.0000
Baseline:, ,12-50-37,-0.0088
Baseline:, ,12-50-37,-0.0059
Baseline:, ,12-50-37,-0.0059
Baseline:, ,12-50-37,-0.0088
Baseline:, ,12-50-37,-0.0088
Baseline:, ,12-50-37,0.0059
Baseline:, ,12-50-37,-0.0088
Baseline:, ,12-50-37,-0.0117
Baseline:, ,12-50-37,-0.0059
Baseline:, ,12-50-37,-0.0088
Baseline:, ,12-50-37,-0.0088
Baseline:, ,12-50-37,-0.0029
Baseline:, ,12-50-37,-0.0059
Baseline:, ,12-50-37,-0.0088
Baseline:, ,12-50-37,-0.0176
Baseline:, ,12-50-37,-0.0059
Baseline:, ,12-50-37,-0.0146
Baseline:, ,12-50-37,-0.0059
Baseline:, ,12-50-37,-0.0117
Baseline:, ,12-50-37,-0.0146
Baseline:, ,12-50-37,-0.0029
Baseline:, ,12-50-37,-0.0117
Baseline:, ,12-50-37,0.0000
Baseline:, ,12-50-37,-0.0117
Baseline:, ,12-50-37,-0.0088
Baseline:, ,12-50-37,-0.0059
Baseline:, ,12-50-37,-0.0059
Baseline:, ,12-50-37,0.0000
Baseline:, ,12-50-37,-0.0029
Baseline:, ,12-50-37,0.0000
Baseline:, ,12-50-37,-0.0059
Baseline:, ,12-50-37,-0.0029
Baseline:, ,12-50-37,0.0000
Baseline:, ,12-50-37,0.0000
Baseline:, ,12-50-37,0.0000
Baseline:, ,12-50-37,-0.0117
Baseline:, ,12-50-37,-0.0088
Baseline:, ,12-50-37,-0.0117
Baseline:, ,12-50-37,-0.0059
Baseline:, ,12-50-37,-0.0029
Baseline:, ,12-50-37,-0.0176
Baseline:, ,12-50-37,-0.0029
Baseline:, ,12-50-37,-0.0117
Baseline:, ,12-50-37,-0.0117
Baseline:, ,12-50-37,-0.0029
Baseline:, ,12-50-37,-0.0059
Baseline:, ,12-50-37,-0.0029
Baseline:, ,12-50-37,-0.0117
Baseline:, ,12-50-38,-0.0146
Baseline:, ,12-50-38,-0.0088
Baseline:, ,12-50-38,-0.0088
Baseline:, ,12-50-38,-0.0088
Baseline:, ,12-50-38,0.0000
Baseline:, ,12-50-38,-0.0059
Baseline:, ,12-50-38,-0.0117
Baseline:, ,12-50-38,-0.0176
Baseline:, ,12-50-38,-0.0088
Baseline:, ,12-50-38,-0.0117
Baseline:, ,12-50-38,-0.0088
Baseline:, ,12-50-38,-0.0029
Baseline:, ,12-50-38,-0.0117
Baseline:, ,12-50-38,-0.0088
Baseline:, ,12-50-38,-0.0088
Baseline:, ,12-50-38,-0.0117
Baseline:, ,12-50-38,-0.0029
Baseline:, ,12-50-38,-0.0146
Baseline:, ,12-50-38,-0.0117
Baseline:, ,12-50-38,-0.0117
Baseline:, ,12-50-38,-0.0146
Baseline:, ,12-50-38,-0.0088
Baseline:, ,12-50-38,-0.0088
Baseline:, ,12-50-38,-0.0088
Baseline:, ,12-50-38,-0.0088
Baseline:, ,12-50-38,-0.0088
Baseline:, ,12-50-38,-0.0059
Baseline:, ,12-50-38,-0.0029
Baseline:, ,12-50-38,-0.0088
Baseline:, ,12-50-38,-0.0029
Baseline:, ,12-50-38,0.0000
Baseline:, ,12-50-38,-0.0146
Baseline:, ,12-50-38,-0.0029
Baseline:, ,12-50-38,-0.0088
Baseline:, ,12-50-38,-0.0088
Baseline:, ,12-50-38,-0.0059
Baseline:, ,12-50-38,-0.0029
Baseline:, ,12-50-38,-0.0117
Baseline:, ,12-50-38,-0.0029
Baseline:, ,12-50-38,-0.0029
Baseline:, ,12-50-38,-0.0059
Baseline:, ,12-50-38,-0.0088
Baseline:, ,12-50-38,-0.0117
Baseline:, ,12-50-38,-0.0059
Baseline:, ,12-50-38,-0.0088
Baseline:, ,12-50-38,-0.0029
Baseline:, ,12-50-38,-0.0059
Baseline:, ,12-50-38,-0.0088
Baseline:, ,12-50-38,0.0000
Baseline:, ,12-50-38,0.0000
Baseline:, ,12-50-38,0.0029
Baseline:, ,12-50-38,-0.0059
Baseline:, ,12-50-38,0.0000
Baseline:, ,12-50-38,0.0029
Baseline:, ,12-50-38,-0.0176
Baseline:, ,12-50-38,-0.0146
Baseline:, ,12-50-38,-0.0088
Baseline:, ,12-50-38,-0.0117
Baseline:, ,12-50-38,-0.0059
Baseline:, ,12-50-38,-0.0029
Baseline:, ,12-50-38,-0.0088
Baseline:, ,12-50-38,-0.0146
Baseline:, ,12-50-38,-0.0059
Baseline:, ,12-50-38,-0.0176
Baseline:, ,12-50-38,-0.0117
Baseline:, ,12-50-38,-0.0029
Baseline:, ,12-50-38,-0.0117
Baseline:, ,12-50-38,-0.0117
Baseline:, ,12-50-38,-0.0117
Baseline:, ,12-50-38,-0.0059
Baseline:, ,12-50-38,-0.0088
Baseline:, ,12-50-38,-0.0029
Baseline:, ,12-50-38,-0.0146
Baseline:, ,12-50-38,-0.0088
Baseline:, ,12-50-38,0.0000
Baseline:, ,12-50-38,-0.0176
Baseline:, ,12-50-38,-0.0029
Baseline:, ,12-50-38,0.0000
Baseline:, ,12-50-38,0.0000
Baseline:, ,12-50-38,-0.0029
Baseline:, ,12-50-38,0.0029
Baseline:, ,12-50-38,-0.0117
Baseline:, ,12-50-38,-0.0088
Baseline:, ,12-50-38,-0.0117
Baseline:, ,12-50-38,-0.0088
Baseline:, ,12-50-38,-0.0117
Baseline:, ,12-50-38,-0.0146
Baseline:, ,12-50-38,-0.0088
Baseline:, ,12-50-38,-0.0117
Baseline:, ,12-50-38,-0.0059
Baseline:, ,12-50-38,-0.0059
Baseline:, ,12-50-38,-0.0117
Baseline:, ,12-50-38,-0.0029
Baseline:, ,12-50-38,-0.0088
Baseline:, ,12-50-38,-0.0029
Baseline:, ,12-50-38,-0.0088
Baseline:, ,12-50-38,0.0000
Baseline:, ,12-50-38,-0.0059
Baseline:, ,12-50-39,-0.0029
Baseline:, ,12-50-39,-0.0117
Baseline:, ,12-50-39,-0.0059
Baseline:, ,12-50-39,-0.0088
Baseline:, ,12-50-39,-0.0117
Baseline:, ,12-50-39,0.0088
Baseline:, ,12-50-39,-0.0117
Baseline:, ,12-50-39,0.0000
Baseline:, ,12-50-39,-0.0029
Baseline:, ,12-50-39,-0.0088
Baseline:, ,12-50-39,-0.0059
Baseline:, ,12-50-39,0.0000
Baseline:, ,12-50-39,-0.0117
Baseline:, ,12-50-39,-0.0146
Baseline:, ,12-50-39,-0.0029
Baseline:, ,12-50-39,-0.0088
Baseline:, ,12-50-39,-0.0088
Baseline:, ,12-50-39,-0.0059
Baseline:, ,12-50-39,-0.0088
Baseline:, ,12-50-39,0.0000
Baseline:, ,12-50-39,-0.0117
Baseline:, ,12-50-39,0.0029
Baseline:, ,12-50-39,-0.0029
Baseline:, ,12-50-39,-0.0088
Baseline:, ,12-50-39,-0.0117
Baseline:, ,12-50-39,-0.0117
Baseline:, ,12-50-39,-0.0146
Baseline:, ,12-50-39,-0.0029
Baseline:, ,12-50-39,-0.0088
Baseline:, ,12-50-39,-0.0146
Baseline:, ,12-50-39,-0.0146
Baseline:, ,12-50-39,-0.0029
Baseline:, ,12-50-39,0.0000
Baseline:, ,12-50-39,-0.0176
Baseline:, ,12-50-39,-0.0029
Baseline:, ,12-50-39,-0.0059
Baseline:, ,12-50-39,-0.0205
Baseline:, ,12-50-39,-0.0117
Baseline:, ,12-50-39,0.0000
Baseline:, ,12-50-39,-0.0029
Baseline:, ,12-50-39,0.0059
Baseline:, ,12-50-39,-0.0117
Baseline:, ,12-50-39,-0.0029
Baseline:, ,12-50-39,-0.0059
Baseline:, ,12-50-39,-0.0059
Baseline:, ,12-50-39,-0.0117
Baseline:, ,12-50-39,-0.0088
Baseline:, ,12-50-39,-0.0146
Baseline:, ,12-50-39,-0.0117
Baseline:, ,12-50-39,-0.0029
Baseline:, ,12-50-39,-0.0088
Baseline:, ,12-50-39,-0.0088
Baseline:, ,12-50-39,-0.0059
Baseline:, ,12-50-39,0.0029
Baseline:, ,12-50-39,-0.0088
Baseline:, ,12-50-39,-0.0146
Baseline:, ,12-50-39,-0.0029
Baseline:, ,12-50-39,-0.0088
Baseline:, ,12-50-39,-0.0029
Baseline:, ,12-50-39,-0.0059
Baseline:, ,12-50-39,-0.0059
Baseline:, ,12-50-39,-0.0088
Baseline:, ,12-50-39,-0.0117
Baseline:, ,12-50-39,0.0029
Baseline:, ,12-50-39,0.0000
Baseline:, ,12-50-39,-0.0234
Baseline:, ,12-50-39,-0.0234
Baseline:, ,12-50-39,-0.0059
Baseline:, ,12-50-39,-0.0029
Baseline:, ,12-50-39,-0.0059
Baseline:, ,12-50-39,-0.0088
Baseline:, ,12-50-39,-0.0117
Baseline:, ,12-50-39,-0.0117
Baseline:, ,12-50-39,-0.0117
Baseline:, ,12-50-39,-0.0146
Baseline:, ,12-50-39,-0.0029
Baseline:, ,12-50-39,-0.0059
Baseline:, ,12-50-39,-0.0117
Baseline:, ,12-50-39,-0.0117
Baseline:, ,12-50-39,-0.0059
Baseline:, ,12-50-39,-0.0088
Baseline:, ,12-50-39,-0.0059
Baseline:, ,12-50-39,-0.0088
Baseline:, ,12-50-39,-0.0029
Baseline:, ,12-50-39,-0.0088
Baseline:, ,12-50-39,-0.0059
Baseline:, ,12-50-39,0.0000
Baseline:, ,12-50-39,-0.0029
Baseline:, ,12-50-39,-0.0088
Baseline:, ,12-50-39,-0.0117
Baseline:, ,12-50-39,-0.0234
Baseline:, ,12-50-39,-0.0059
Baseline:, ,12-50-39,0.0000
Baseline:, ,12-50-39,0.0000
Baseline:, ,12-50-39,-0.0088
Baseline:, ,12-50-39,-0.0205
Baseline:, ,12-50-39,-0.0146
Baseline:, ,12-50-39,-0.0146
Baseline:, ,12-50-39,0.0000
Baseline:, ,12-50-39,-0.0117
Baseline:, ,12-50-39,-0.0146
Baseline:, ,12-50-39,-0.0029
Baseline:, ,12-50-40,-0.0117
Baseline:, ,12-50-40,0.0000
Baseline:, ,12-50-40,0.0000
Baseline:, ,12-50-40,-0.0029
Baseline:, ,12-50-40,-0.0088
Baseline:, ,12-50-40,0.0000
Baseline:, ,12-50-40,-0.0059
Baseline:, ,12-50-40,-0.0176
Baseline:, ,12-50-40,-0.0234
Baseline:, ,12-50-40,-0.0117
Baseline:, ,12-50-40,-0.0059
Baseline:, ,12-50-40,-0.0088
Baseline:, ,12-50-40,-0.0029
Baseline:, ,12-50-40,0.0000
Baseline:, ,12-50-40,-0.0059
Baseline:, ,12-50-40,-0.0029
Baseline:, ,12-50-40,-0.0059
Baseline:, ,12-50-40,-0.0029
Baseline:, ,12-50-40,-0.0088
Baseline:, ,12-50-40,-0.0059
Baseline:, ,12-50-40,0.0059
Baseline:, ,12-50-40,-0.0029
Baseline:, ,12-50-40,-0.0088
Baseline:, ,12-50-40,0.0000
Baseline:, ,12-50-40,0.0029
Baseline:, ,12-50-40,-0.0088
Baseline:, ,12-50-40,0.0000
Baseline:, ,12-50-40,0.0000
Baseline:, ,12-50-40,-0.0117
Baseline:, ,12-50-40,-0.0059
Baseline:, ,12-50-40,-0.0117
Baseline:, ,12-50-40,-0.0029
Baseline:, ,12-50-40,-0.0029
Baseline:, ,12-50-40,-0.0117
Baseline:, ,12-50-40,-0.0117
Baseline:, ,12-50-40,-0.0117
Baseline:, ,12-50-40,-0.0088
Baseline:, ,12-50-40,-0.0146
Baseline:, ,12-50-40,-0.0029
Baseline:, ,12-50-40,-0.0059
Baseline:, ,12-50-40,-0.0088
Baseline:, ,12-50-40,-0.0117
Baseline:, ,12-50-40,-0.0117
Baseline:, ,12-50-40,-0.0176
Baseline:, ,12-50-40,-0.0088
Baseline:, ,12-50-40,-0.0088
Baseline:, ,12-50-40,-0.0059
Baseline:, ,12-50-40,-0.0117
Baseline:, ,12-50-40,-0.0176
Baseline:, ,12-50-40,-0.0059
Baseline:, ,12-50-40,0.0059
Baseline:, ,12-50-40,-0.0117
Baseline:, ,12-50-40,-0.0088
Baseline:, ,12-50-40,-0.0117
Baseline:, ,12-50-40,-0.0088
Baseline:, ,12-50-40,-0.0029
Baseline:, ,12-50-40,-0.0205
Baseline:, ,12-50-40,-0.0059
Baseline:, ,12-50-40,-0.0088
Baseline:, ,12-50-40,-0.0029
Baseline:, ,12-50-40,-0.0029
Baseline:, ,12-50-40,-0.0029
Baseline:, ,12-50-40,-0.0117
Baseline:, ,12-50-40,-0.0059
Baseline:, ,12-50-40,0.0029
Baseline:, ,12-50-40,0.0029
Baseline:, ,12-50-40,0.0000
Baseline:, ,12-50-40,-0.0088
Baseline:, ,12-50-40,-0.0117
Baseline:, ,12-50-40,-0.0088
Baseline:, ,12-50-40,-0.0088
Baseline:, ,12-50-40,-0.0088
Baseline:, ,12-50-40,-0.0117
Baseline:, ,12-50-40,-0.0088
Baseline:, ,12-50-40,-0.0117
Baseline:, ,12-50-40,0.0029
Baseline:, ,12-50-40,-0.0176
Baseline:, ,12-50-40,0.0000
Baseline:, ,12-50-40,-0.0117
Baseline:, ,12-50-40,-0.0029
Baseline:, ,12-50-40,-0.0029
Baseline:, ,12-50-40,-0.0117
Baseline:, ,12-50-40,-0.0117
Baseline:, ,12-50-40,-0.0117
Baseline:, ,12-50-40,-0.0117
Baseline:, ,12-50-40,-0.0088
Baseline:, ,12-50-40,-0.0146
Baseline:, ,12-50-40,-0.0029
Baseline:, ,12-50-40,-0.0088
Baseline:, ,12-50-40,-0.0059
Baseline:, ,12-50-40,-0.0059
Baseline:, ,12-50-40,-0.0059
Baseline:, ,12-50-40,-0.0088
Baseline:, ,12-50-40,-0.0088
Baseline:, ,12-50-40,-0.0088
Baseline:, ,12-50-40,-0.0029
Baseline:, ,12-50-40,0.0000
Baseline:, ,12-50-40,-0.0059
Baseline:, ,12-50-40,-0.0059
Baseline:, ,12-50-41,-0.0029
Baseline:, ,12-50-41,-0.0088
Baseline:, ,12-50-41,0.0029
Baseline:, ,12-50-41,-0.0088
Baseline:, ,12-50-41,-0.0176
Baseline:, ,12-50-41,-0.0117
Baseline:, ,12-50-41,-0.0117
Baseline:, ,12-50-41,-0.0088
Baseline:, ,12-50-41,-0.0117
Baseline:, ,12-50-41,-0.0029
Baseline:, ,12-50-41,0.0000
Baseline:, ,12-50-41,-0.0117
Baseline:, ,12-50-41,-0.0146
Baseline:, ,12-50-41,-0.0088
Baseline:, ,12-50-41,-0.0029
Baseline:, ,12-50-41,-0.0088
Baseline:, ,12-50-41,-0.0117
Baseline:, ,12-50-41,-0.0176
Baseline:, ,12-50-41,-0.0088
Baseline:, ,12-50-41,-0.0205
Baseline:, ,12-50-41,-0.0088
Baseline:, ,12-50-41,-0.0059
Baseline:, ,12-50-41,-0.0059
Baseline:, ,12-50-41,-0.0059
Baseline:, ,12-50-41,-0.0029
Baseline:, ,12-50-41,-0.0088
Baseline:, ,12-50-41,-0.0117
Baseline:, ,12-50-41,-0.0146
Baseline:, ,12-50-41,-0.0117
Baseline:, ,12-50-41,-0.0088
Baseline:, ,12-50-41,-0.0029
Baseline:, ,12-50-41,-0.0059
Baseline:, ,12-50-41,-0.0059
Baseline:, ,12-50-41,-0.0029
Baseline:, ,12-50-41,-0.0117
Baseline:, ,12-50-41,-0.0117
Baseline:, ,12-50-41,-0.0146
Baseline:, ,12-50-41,-0.0146
Baseline:, ,12-50-41,-0.0029
Baseline:, ,12-50-41,-0.0059
Baseline:, ,12-50-41,-0.0146
Baseline:, ,12-50-41,-0.0059
Baseline:, ,12-50-41,-0.0117
Baseline:, ,12-50-41,-0.0117
Baseline:, ,12-50-41,-0.0176
Baseline:, ,12-50-41,-0.0059
Baseline:, ,12-50-41,-0.0059
Baseline:, ,12-50-41,-0.0146
Baseline:, ,12-50-41,-0.0117
Baseline:, ,12-50-41,-0.0117
Baseline:, ,12-50-41,-0.0059
Baseline:, ,12-50-41,-0.0029
Baseline:, ,12-50-41,-0.0117
Baseline:, ,12-50-41,-0.0146
Baseline:, ,12-50-41,-0.0029
Baseline:, ,12-50-41,-0.0117
Baseline:, ,12-50-41,-0.0029
Baseline:, ,12-50-41,-0.0146
Baseline:, ,12-50-41,0.0000
Baseline:, ,12-50-41,-0.0059
Baseline:, ,12-50-41,-0.0059
Baseline:, ,12-50-41,-0.0146
Baseline:, ,12-50-41,-0.0117
Baseline:, ,12-50-41,-0.0088
Baseline:, ,12-50-41,0.0000
Baseline:, ,12-50-41,-0.0059
Baseline:, ,12-50-41,-0.0205
Baseline:, ,12-50-41,-0.0059
Baseline:, ,12-50-41,0.0000
Baseline:, ,12-50-41,0.0000
Baseline:, ,12-50-41,0.0000
Baseline:, ,12-50-41,-0.0117
Baseline:, ,12-50-41,-0.0117
Baseline:, ,12-50-41,-0.0117
Baseline:, ,12-50-41,-0.0117
Baseline:, ,12-50-41,-0.0059
Baseline:, ,12-50-41,-0.0088
Baseline:, ,12-50-41,-0.0117
Baseline:, ,12-50-41,-0.0029
Baseline:, ,12-50-41,-0.0146
Baseline:, ,12-50-41,-0.0117
Baseline:, ,12-50-41,-0.0029
Baseline:, ,12-50-41,0.0029
Baseline:, ,12-50-41,-0.0088
Baseline:, ,12-50-41,-0.0205
Baseline:, ,12-50-41,-0.0117
Baseline:, ,12-50-41,-0.0088
Baseline:, ,12-50-41,-0.0059
Baseline:, ,12-50-41,-0.0117
Baseline:, ,12-50-41,0.0000
Baseline:, ,12-50-41,-0.0088
Baseline:, ,12-50-41,-0.0146
Baseline:, ,12-50-41,-0.0088
Baseline:, ,12-50-41,-0.0117
Baseline:, ,12-50-41,-0.0088
Baseline:, ,12-50-41,-0.0029
Baseline:, ,12-50-41,-0.0088
Baseline:, ,12-50-41,-0.0029
Baseline:, ,12-50-41,-0.0088
Baseline:, ,12-50-42,-0.0029
Baseline:, ,12-50-42,-0.0059
Baseline:, ,12-50-42,-0.0088
Baseline:, ,12-50-42,-0.0176
Baseline:, ,12-50-42,-0.0088
Baseline:, ,12-50-42,-0.0029
Baseline:, ,12-50-42,-0.0117
Baseline:, ,12-50-42,-0.0088
Baseline:, ,12-50-42,-0.0059
Baseline:, ,12-50-42,-0.0059
Baseline:, ,12-50-42,-0.0059
Baseline:, ,12-50-42,0.0029
Baseline:, ,12-50-42,-0.0088
Baseline:, ,12-50-42,-0.0088
Baseline:, ,12-50-42,-0.0117
Baseline:, ,12-50-42,-0.0029
Baseline:, ,12-50-42,-0.0117
Baseline:, ,12-50-42,-0.0029
Baseline:, ,12-50-42,-0.0088
Baseline:, ,12-50-42,-0.0146
Baseline:, ,12-50-42,-0.0117
Baseline:, ,12-50-42,-0.0117
Baseline:, ,12-50-42,-0.0117
Baseline:, ,12-50-42,-0.0059
Baseline:, ,12-50-42,-0.0059
Baseline:, ,12-50-42,-0.0029
Baseline:, ,12-50-42,-0.0059
Baseline:, ,12-50-42,-0.0088
Baseline:, ,12-50-42,-0.0059
Baseline:, ,12-50-42,-0.0088
Baseline:, ,12-50-42,-0.0059
Baseline:, ,12-50-42,-0.0088
Baseline:, ,12-50-42,-0.0146
Baseline:, ,12-50-42,0.0059
Baseline:, ,12-50-42,0.0029
Baseline:, ,12-50-42,-0.0059
Baseline:, ,12-50-42,0.0000
Baseline:, ,12-50-42,0.0000
Baseline:, ,12-50-42,-0.0117
Baseline:, ,12-50-42,-0.0059
Baseline:, ,12-50-42,-0.0059
Baseline:, ,12-50-42,-0.0029
Baseline:, ,12-50-42,-0.0146
Baseline:, ,12-50-42,-0.0059
Baseline:, ,12-50-42,0.0029
Baseline:, ,12-50-42,-0.0059
Baseline:, ,12-50-42,-0.0059
Baseline:, ,12-50-42,-0.0088
Baseline:, ,12-50-42,0.0000
Baseline:, ,12-50-42,-0.0117
Baseline:, ,12-50-42,-0.0059
Baseline:, ,12-50-42,-0.0088
Baseline:, ,12-50-42,-0.0088
Baseline:, ,12-50-42,-0.0117
Baseline:, ,12-50-42,-0.0088
Baseline:, ,12-50-42,0.0000
Baseline:, ,12-50-42,-0.0117
Baseline:, ,12-50-42,-0.0176
Baseline:, ,12-50-42,-0.0029
Baseline:, ,12-50-42,0.0000
Baseline:, ,12-50-42,-0.0029
Baseline:, ,12-50-42,-0.0029
Baseline:, ,12-50-42,0.0029
Baseline:, ,12-50-42,0.0000
Baseline:, ,12-50-42,-0.0146
Baseline:, ,12-50-42,-0.0029
Baseline:, ,12-50-42,-0.0088
Baseline:, ,12-50-42,-0.0146
Baseline:, ,12-50-42,-0.0146
Baseline:, ,12-50-42,-0.0029
Baseline:, ,12-50-42,-0.0088
Baseline:, ,12-50-42,-0.0088
Baseline:, ,12-50-42,-0.0088
Baseline:, ,12-50-42,-0.0146
Baseline:, ,12-50-42,-0.0205
Baseline:, ,12-50-42,-0.0088
Baseline:, ,12-50-42,-0.0059
Baseline:, ,12-50-42,-0.0029
Baseline:, ,12-50-42,-0.0029
Baseline:, ,12-50-42,-0.0029
Baseline:, ,12-50-42,-0.0029
Baseline:, ,12-50-42,-0.0146
Baseline:, ,12-50-42,-0.0146
Baseline:, ,12-50-42,-0.0059
Baseline:, ,12-50-42,-0.0117
Baseline:, ,12-50-42,-0.0029
Baseline:, ,12-50-42,-0.0117
Baseline:, ,12-50-42,0.0000
Baseline:, ,12-50-42,-0.0059
Baseline:, ,12-50-42,-0.0029
Baseline:, ,12-50-42,-0.0029
Baseline:, ,12-50-42,-0.0088
Baseline:, ,12-50-42,-0.0088
Baseline:, ,12-50-42,-0.0029
Baseline:, ,12-50-42,-0.0176
Baseline:, ,12-50-42,-0.0059
Baseline:, ,12-50-42,-0.0117
Baseline:, ,12-50-42,-0.0088
Baseline:, ,12-50-42,-0.0088
Baseline:, ,12-50-42,-0.0088
Baseline:, ,12-50-43,-0.0029
Baseline:, ,12-50-43,0.0000
Baseline:, ,12-50-43,0.0029
Baseline:, ,12-50-43,-0.0146
Baseline:, ,12-50-43,-0.0146
Baseline:, ,12-50-43,0.0000
Baseline:, ,12-50-43,-0.0117
Baseline:, ,12-50-43,-0.0088
Baseline:, ,12-50-43,-0.0117
Baseline:, ,12-50-43,-0.0029
Baseline:, ,12-50-43,-0.0176
Baseline:, ,12-50-43,-0.0117
Baseline:, ,12-50-43,-0.0088
Baseline:, ,12-50-43,-0.0088
Baseline:, ,12-50-43,-0.0059
Baseline:, ,12-50-43,-0.0029
Baseline:, ,12-50-43,-0.0029
Baseline:, ,12-50-43,-0.0088
Baseline:, ,12-50-43,-0.0029
Baseline:, ,12-50-43,-0.0088
Baseline:, ,12-50-43,-0.0117
Baseline:, ,12-50-43,-0.0029
Baseline:, ,12-50-43,-0.0117
Baseline:, ,12-50-43,-0.0088
Baseline:, ,12-50-43,0.0000
Baseline:, ,12-50-43,-0.0029
Baseline:, ,12-50-43,-0.0059
Baseline:, ,12-50-43,-0.0059
Baseline:, ,12-50-43,-0.0029
Baseline:, ,12-50-43,-0.0117
Baseline:, ,12-50-43,0.0000
Baseline:, ,12-50-43,-0.0029
Baseline:, ,12-50-43,-0.0117
Baseline:, ,12-50-43,-0.0088
Baseline:, ,12-50-43,-0.0088
Baseline:, ,12-50-43,-0.0088
Baseline:, ,12-50-43,-0.0146
Baseline:, ,12-50-43,-0.0146
Baseline:, ,12-50-43,-0.0029
Baseline:, ,12-50-43,-0.0117
Baseline:, ,12-50-43,-0.0088
Baseline:, ,12-50-43,-0.0088
Baseline:, ,12-50-43,-0.0117
Baseline:, ,12-50-43,0.0000
Baseline:, ,12-50-43,-0.0059
Baseline:, ,12-50-43,-0.0117
Baseline:, ,12-50-43,0.0029
Baseline:, ,12-50-43,-0.0146
Baseline:, ,12-50-43,-0.0117
Baseline:, ,12-50-43,-0.0117
Baseline:, ,12-50-43,0.0000
Baseline:, ,12-50-43,-0.0059
Baseline:, ,12-50-43,-0.0117
Baseline:, ,12-50-43,-0.0059
Baseline:, ,12-50-43,-0.0146
Baseline:, ,12-50-43,-0.0088
Baseline:, ,12-50-43,0.0000
Baseline:, ,12-50-43,-0.0059
Baseline:, ,12-50-43,-0.0088
Baseline:, ,12-50-43,-0.0117
Baseline:, ,12-50-43,-0.0029
Baseline:, ,12-50-43,-0.0059
Baseline:, ,12-50-43,-0.0117
Baseline:, ,12-50-43,-0.0176
Baseline:, ,12-50-43,-0.0088
Baseline:, ,12-50-43,-0.0059
Baseline:, ,12-50-43,-0.0117
Baseline:, ,12-50-43,-0.0234
Baseline:, ,12-50-43,-0.0088
Baseline:, ,12-50-43,-0.0029
Baseline:, ,12-50-43,-0.0117
Baseline:, ,12-50-43,-0.0146
Baseline:, ,12-50-43,-0.0176
Baseline:, ,12-50-43,-0.0029
Baseline:, ,12-50-43,-0.0059
Baseline:, ,12-50-43,-0.0117
Baseline:, ,12-50-43,-0.0146
Baseline:, ,12-50-43,0.0000
Baseline:, ,12-50-43,-0.0088
Baseline:, ,12-50-43,-0.0088
Baseline:, ,12-50-43,-0.0205
Baseline:, ,12-50-43,-0.0117
Baseline:, ,12-50-43,-0.0088
Baseline:, ,12-50-43,-0.0029
Baseline:, ,12-50-43,-0.0059
Baseline:, ,12-50-43,-0.0117
Baseline:, ,12-50-43,-0.0234
Baseline:, ,12-50-43,-0.0117
Baseline:, ,12-50-43,0.0000
Baseline:, ,12-50-43,-0.0088
Baseline:, ,12-50-43,0.0000
Baseline:, ,12-50-43,-0.0088
Baseline:, ,12-50-43,-0.0029
Baseline:, ,12-50-43,-0.0029
Baseline:, ,12-50-43,-0.0088
Baseline:, ,12-50-43,-0.0088
Baseline:, ,12-50-43,-0.0205
Baseline:, ,12-50-43,-0.0117
Baseline:, ,12-50-43,-0.0029
Baseline:, ,12-50-43,-0.0117
Baseline:, ,12-50-43,-0.0059
Baseline:, ,12-50-44,0.0000
Baseline:, ,12-50-44,-0.0029
Baseline:, ,12-50-44,0.0000
Baseline:, ,12-50-44,-0.0059
Baseline:, ,12-50-44,-0.0088
Baseline:, ,12-50-44,-0.0117
Baseline:, ,12-50-44,-0.0029
Baseline:, ,12-50-44,-0.0088
Baseline:, ,12-50-44,0.0029
Baseline:, ,12-50-44,-0.0117
Baseline:, ,12-50-44,-0.0029
Baseline:, ,12-50-44,-0.0088
Baseline:, ,12-50-44,-0.0117
Baseline:, ,12-50-44,0.0000
Baseline:, ,12-50-44,-0.0059
Baseline:, ,12-50-44,-0.0117
Baseline:, ,12-50-44,-0.0117
Baseline:, ,12-50-44,-0.0059
Baseline:, ,12-50-44,-0.0088
Baseline:, ,12-50-44,-0.0059
Baseline:, ,12-50-44,-0.0117
Baseline:, ,12-50-44,0.0029
Baseline:, ,12-50-44,-0.0029
Baseline:, ,12-50-44,-0.0029
Baseline:, ,12-50-44,-0.0059
Baseline:, ,12-50-44,0.0000
Baseline:, ,12-50-44,-0.0088
Baseline:, ,12-50-44,-0.0117
Baseline:, ,12-50-44,-0.0029
Baseline:, ,12-50-44,-0.0117
Baseline:, ,12-50-44,-0.0117
Baseline:, ,12-50-44,0.0029
Baseline:, ,12-50-44,-0.0117
Baseline:, ,12-50-44,-0.0088
Baseline:, ,12-50-44,-0.0205
Baseline:, ,12-50-44,-0.0088
Baseline:, ,12-50-44,-0.0088
Baseline:, ,12-50-44,-0.0088
Baseline:, ,12-50-44,-0.0059
Baseline:, ,12-50-44,-0.0059
Baseline:, ,12-50-44,-0.0146
Baseline:, ,12-50-44,-0.0117
Baseline:, ,12-50-44,-0.0088
Baseline:, ,12-50-44,-0.0146
Baseline:, ,12-50-44,-0.0088
Baseline:, ,12-50-44,-0.0117
Baseline:, ,12-50-44,-0.0117
Baseline:, ,12-50-44,0.0000
Baseline:, ,12-50-44,-0.0088
Baseline:, ,12-50-44,-0.0176
Baseline:, ,12-50-44,-0.0059
Baseline:, ,12-50-44,-0.0059
Baseline:, ,12-50-44,-0.0059
Baseline:, ,12-50-44,0.0000
Baseline:, ,12-50-44,0.0000
Baseline:, ,12-50-44,-0.0088
Baseline:, ,12-50-44,-0.0029
Baseline:, ,12-50-44,-0.0059
Baseline:, ,12-50-44,-0.0059
Baseline:, ,12-50-44,-0.0059
Baseline:, ,12-50-44,-0.0029
Baseline:, ,12-50-44,-0.0059
Baseline:, ,12-50-44,0.0000
Baseline:, ,12-50-44,0.0000
Baseline:, ,12-50-44,-0.0029
Baseline:, ,12-50-44,-0.0059
Baseline:, ,12-50-44,-0.0059
Baseline:, ,12-50-44,0.0000
Baseline:, ,12-50-44,0.0000
Baseline:, ,12-50-44,-0.0117
Baseline:, ,12-50-44,-0.0059
Baseline:, ,12-50-44,-0.0059
Baseline:, ,12-50-44,-0.0117
Baseline:, ,12-50-44,-0.0088
Baseline:, ,12-50-44,-0.0117
Baseline:, ,12-50-44,-0.0059
Baseline:, ,12-50-44,-0.0029
Baseline:, ,12-50-44,-0.0029
Baseline:, ,12-50-44,-0.0059
Baseline:, ,12-50-44,-0.0059
Baseline:, ,12-50-44,-0.0146
Baseline:, ,12-50-44,-0.0088
Baseline:, ,12-50-44,-0.0088
Baseline:, ,12-50-44,-0.0117
Baseline:, ,12-50-44,-0.0146
Baseline:, ,12-50-44,-0.0205
Baseline:, ,12-50-44,-0.0146
Baseline:, ,12-50-44,-0.0088
Baseline:, ,12-50-44,-0.0059
Baseline:, ,12-50-44,-0.0117
Baseline:, ,12-50-44,-0.0117
Baseline:, ,12-50-44,0.0000
Baseline:, ,12-50-44,-0.0146
Baseline:, ,12-50-44,-0.0117
Baseline:, ,12-50-44,-0.0088
Baseline:, ,12-50-44,-0.0029
Baseline:, ,12-50-44,-0.0088
Baseline:, ,12-50-44,-0.0029
Baseline:, ,12-50-44,-0.0059
Baseline:, ,12-50-44,0.0000
Baseline:, ,12-50-45,-0.0059
Baseline:, ,12-50-45,-0.0117
Baseline:, ,12-50-45,-0.0059
Baseline:, ,12-50-45,-0.0029
Baseline:, ,12-50-45,-0.0088
Baseline:, ,12-50-45,-0.0088
Baseline:, ,12-50-45,-0.0088
Baseline:, ,12-50-45,-0.0088
Baseline:, ,12-50-45,-0.0059
Baseline:, ,12-50-45,-0.0088
Baseline:, ,12-50-45,0.0000
Baseline:, ,12-50-45,-0.0059
Baseline:, ,12-50-45,-0.0029
Baseline:, ,12-50-45,-0.0059
Baseline:, ,12-50-45,-0.0088
Baseline:, ,12-50-45,-0.0117
Baseline:, ,12-50-45,-0.0146
Baseline:, ,12-50-45,0.0000
Baseline:, ,12-50-45,-0.0146
Baseline:, ,12-50-45,-0.0059
Baseline:, ,12-50-45,-0.0117
Baseline:, ,12-50-45,0.0000
Baseline:, ,12-50-45,0.0000
Baseline:, ,12-50-45,-0.0059
Baseline:, ,12-50-45,-0.0059
Baseline:, ,12-50-45,0.0000
Baseline:, ,12-50-45,-0.0029
Baseline:, ,12-50-45,-0.0059
Baseline:, ,12-50-45,-0.0117
Baseline:, ,12-50-45,-0.0088
Baseline:, ,12-50-45,-0.0029
Baseline:, ,12-50-45,0.0000
Baseline:, ,12-50-45,-0.0059
Baseline:, ,12-50-45,-0.0029
Baseline:, ,12-50-45,-0.0117
Baseline:, ,12-50-45,-0.0088
Baseline:, ,12-50-45,0.0000
Baseline:, ,12-50-45,-0.0059
Baseline:, ,12-50-45,-0.0088
Baseline:, ,12-50-45,-0.0029
Baseline:, ,12-50-45,-0.0088
Baseline:, ,12-50-45,0.0000
Baseline:, ,12-50-45,-0.0117
Baseline:, ,12-50-45,0.0000
Baseline:, ,12-50-45,-0.0088
Baseline:, ,12-50-45,-0.0059
Baseline:, ,12-50-45,-0.0117
Baseline:, ,12-50-45,-0.0088
Baseline:, ,12-50-45,-0.0059
Baseline:, ,12-50-45,-0.0059
Baseline:, ,12-50-45,-0.0117
Baseline:, ,12-50-45,-0.0088
Baseline:, ,12-50-45,-0.0088
Baseline:, ,12-50-45,-0.0205
Baseline:, ,12-50-45,-0.0088
Baseline:, ,12-50-45,-0.0088
Baseline:, ,12-50-45,-0.0059
Baseline:, ,12-50-45,-0.0029
Baseline:, ,12-50-45,-0.0059
Baseline:, ,12-50-45,-0.0146
Baseline:, ,12-50-45,-0.0029
Baseline:, ,12-50-45,-0.0059
Baseline:, ,12-50-45,-0.0117
Baseline:, ,12-50-45,-0.0088
Baseline:, ,12-50-45,-0.0117
Baseline:, ,12-50-45,-0.0059
Baseline:, ,12-50-45,-0.0117
Baseline:, ,12-50-45,-0.0059
Baseline:, ,12-50-45,-0.0088
Baseline:, ,12-50-45,-0.0029
Baseline:, ,12-50-45,-0.0059
Baseline:, ,12-50-45,-0.0059
Baseline:, ,12-50-45,-0.0059
Baseline:, ,12-50-45,-0.0176
Baseline:, ,12-50-45,0.0029
Baseline:, ,12-50-45,-0.0088
Baseline:, ,12-50-45,-0.0088
Baseline:, ,12-50-45,-0.0059
Baseline:, ,12-50-45,-0.0059
Baseline:, ,12-50-45,-0.0117
Baseline:, ,12-50-45,-0.0117
Baseline:, ,12-50-45,-0.0029
Baseline:, ,12-50-45,-0.0059
Baseline:, ,12-50-45,0.0029
Baseline:, ,12-50-45,-0.0088
Baseline:, ,12-50-45,-0.0117
Baseline:, ,12-50-45,-0.0205
Baseline:, ,12-50-45,-0.0059
Baseline:, ,12-50-45,-0.0117
Baseline:, ,12-50-45,0.0000
Baseline:, ,12-50-45,-0.0146
Baseline:, ,12-50-45,-0.0059
Baseline:, ,12-50-45,0.0000
Baseline:, ,12-50-45,-0.0146
Baseline:, ,12-50-45,-0.0059
Baseline:, ,12-50-45,-0.0059
Baseline:, ,12-50-45,-0.0117
Baseline:, ,12-50-45,-0.0176
Baseline:, ,12-50-45,-0.0146
Baseline:, ,12-50-45,-0.0059
Baseline:, ,12-50-46,-0.0059
Baseline:, ,12-50-46,-0.0029
Baseline:, ,12-50-46,-0.0059
Baseline:, ,12-50-46,-0.0059
Baseline:, ,12-50-46,-0.0088
Baseline:, ,12-50-46,-0.0117
Baseline:, ,12-50-46,-0.0176
Baseline:, ,12-50-46,-0.0117
Baseline:, ,12-50-46,-0.0059
Baseline:, ,12-50-46,-0.0029
Baseline:, ,12-50-46,-0.0088
Baseline:, ,12-50-46,-0.0117
Baseline:, ,12-50-46,-0.0205
Baseline:, ,12-50-46,-0.0117
Baseline:, ,12-50-46,-0.0029
Baseline:, ,12-50-46,-0.0146
Baseline:, ,12-50-46,-0.0059
Baseline:, ,12-50-46,-0.0088
Baseline:, ,12-50-46,0.0000
Baseline:, ,12-50-46,0.0029
Baseline:, ,12-50-46,0.0000
Baseline:, ,12-50-46,-0.0117
Baseline:, ,12-50-46,-0.0088
Baseline:, ,12-50-46,-0.0059
Baseline:, ,12-50-46,-0.0088
Baseline:, ,12-50-46,-0.0059
Baseline:, ,12-50-46,-0.0117
Baseline:, ,12-50-46,-0.0117
Baseline:, ,12-50-46,-0.0059
Baseline:, ,12-50-46,-0.0117
Baseline:, ,12-50-46,-0.0117
Baseline:, ,12-50-46,-0.0088
Baseline:, ,12-50-46,0.0000
Baseline:, ,12-50-46,-0.0088
Baseline:, ,12-50-46,-0.0059
Baseline:, ,12-50-46,-0.0088
Baseline:, ,12-50-46,-0.0029
Baseline:, ,12-50-46,-0.0029
Baseline:, ,12-50-46,-0.0088
Baseline:, ,12-50-46,-0.0029
Baseline:, ,12-50-46,-0.0088
Baseline:, ,12-50-46,-0.0088
Baseline:, ,12-50-46,-0.0029
Baseline:, ,12-50-46,-0.0088
Baseline:, ,12-50-46,-0.0059
Baseline:, ,12-50-46,-0.0117
Baseline:, ,12-50-46,0.0000
Baseline:, ,12-50-46,-0.0088
Baseline:, ,12-50-46,-0.0117
Baseline:, ,12-50-46,-0.0088
Baseline:, ,12-50-46,-0.0029
Baseline:, ,12-50-46,-0.0117
Baseline:, ,12-50-46,-0.0029
Baseline:, ,12-50-46,-0.0146
Baseline:, ,12-50-46,-0.0205
Baseline:, ,12-50-46,-0.0029
Baseline:, ,12-50-46,-0.0029
Baseline:, ,12-50-46,-0.0059
Baseline:, ,12-50-46,-0.0146
Baseline:, ,12-50-46,-0.0088
Baseline:, ,12-50-46,-0.0088
Baseline:, ,12-50-46,0.0000
Baseline:, ,12-50-46,-0.0088
Baseline:, ,12-50-46,-0.0029
Baseline:, ,12-50-46,-0.0059
Baseline:, ,12-50-46,-0.0117
Baseline:, ,12-50-46,-0.0117
Baseline:, ,12-50-46,-0.0059
Baseline:, ,12-50-46,-0.0029
Baseline:, ,12-50-46,-0.0029
Baseline:, ,12-50-46,-0.0117
Baseline:, ,12-50-46,-0.0146
Baseline:, ,12-50-46,-0.0117
Baseline:, ,12-50-46,-0.0059
Baseline:, ,12-50-46,-0.0088
Baseline:, ,12-50-46,-0.0029
Baseline:, ,12-50-46,-0.0088
Baseline:, ,12-50-46,-0.0029
Baseline:, ,12-50-46,0.0000
Baseline:, ,12-50-46,0.0000
Baseline:, ,12-50-46,-0.0117
Baseline:, ,12-50-46,-0.0176
Baseline:, ,12-50-46,-0.0029
Baseline:, ,12-50-46,-0.0059
Baseline:, ,12-50-46,-0.0117
Baseline:, ,12-50-46,-0.0029
Baseline:, ,12-50-46,-0.0117
Baseline:, ,12-50-46,-0.0088
Baseline:, ,12-50-46,-0.0117
Baseline:, ,12-50-46,-0.0088
Baseline:, ,12-50-46,0.0000
Baseline:, ,12-50-46,-0.0029
Baseline:, ,12-50-46,0.0000
Baseline:, ,12-50-46,-0.0117
Baseline:, ,12-50-46,-0.0088
Baseline:, ,12-50-46,-0.0088
Baseline:, ,12-50-46,-0.0117
Baseline:, ,12-50-46,-0.0088
Baseline:, ,12-50-46,-0.0088
Baseline:, ,12-50-46,-0.0088
Baseline:, ,12-50-47,-0.0146
Baseline:, ,12-50-47,-0.0117
Baseline:, ,12-50-47,-0.0059
Baseline:, ,12-50-47,-0.0029
Baseline:, ,12-50-47,0.0000
Baseline:, ,12-50-47,-0.0088
Baseline:, ,12-50-47,-0.0088
Baseline:, ,12-50-47,-0.0059
Baseline:, ,12-50-47,-0.0088
Baseline:, ,12-50-47,-0.0088
Baseline:, ,12-50-47,-0.0029
Baseline:, ,12-50-47,-0.0059
Baseline:, ,12-50-47,-0.0029
Baseline:, ,12-50-47,-0.0088
Baseline:, ,12-50-47,-0.0029
Baseline:, ,12-50-47,-0.0059
Baseline:, ,12-50-47,-0.0059
Baseline:, ,12-50-47,-0.0088
Baseline:, ,12-50-47,0.0000
Baseline:, ,12-50-47,-0.0029
Baseline:, ,12-50-47,-0.0059
Baseline:, ,12-50-47,-0.0146
Baseline:, ,12-50-47,-0.0117
Baseline:, ,12-50-47,-0.0117
Baseline:, ,12-50-47,-0.0029
Baseline:, ,12-50-47,-0.0146
Baseline:, ,12-50-47,-0.0146
Baseline:, ,12-50-47,-0.0117
Baseline:, ,12-50-47,-0.0059
Baseline:, ,12-50-47,-0.0088
Baseline:, ,12-50-47,-0.0146
Baseline:, ,12-50-47,-0.0029
Baseline:, ,12-50-47,-0.0088
Baseline:, ,12-50-47,-0.0059
Baseline:, ,12-50-47,-0.0176
Baseline:, ,12-50-47,-0.0117
Baseline:, ,12-50-47,-0.0029
Baseline:, ,12-50-47,-0.0059
Baseline:, ,12-50-47,-0.0088
Baseline:, ,12-50-47,-0.0088
Baseline:, ,12-50-47,-0.0088
Baseline:, ,12-50-47,-0.0117
Baseline:, ,12-50-47,-0.0146
Baseline:, ,12-50-47,-0.0117
Baseline:, ,12-50-47,-0.0176
Baseline:, ,12-50-47,-0.0088
Baseline:, ,12-50-47,-0.0146
Baseline:, ,12-50-47,-0.0117
Baseline:, ,12-50-47,-0.0059
Baseline:, ,12-50-47,0.0000
Baseline:, ,12-50-47,-0.0088
Baseline:, ,12-50-47,-0.0029
Baseline:, ,12-50-47,0.0000
Baseline:, ,12-50-47,-0.0059
Baseline:, ,12-50-47,-0.0059
Baseline:, ,12-50-47,-0.0146
Baseline:, ,12-50-47,-0.0059
Baseline:, ,12-50-47,-0.0088
Baseline:, ,12-50-47,-0.0146
Baseline:, ,12-50-47,-0.0088
Baseline:, ,12-50-47,-0.0029
Baseline:, ,12-50-47,-0.0029
Baseline:, ,12-50-47,-0.0117
Baseline:, ,12-50-47,-0.0117
Baseline:, ,12-50-47,-0.0029
Baseline:, ,12-50-47,-0.0146
Baseline:, ,12-50-47,-0.0088
Baseline:, ,12-50-47,-0.0059
Baseline:, ,12-50-47,-0.0117
Baseline:, ,12-50-47,-0.0029
Baseline:, ,12-50-47,0.0059
Baseline:, ,12-50-47,-0.0088
Baseline:, ,12-50-47,-0.0088
Baseline:, ,12-50-47,-0.0029
Baseline:, ,12-50-47,-0.0088
Baseline:, ,12-50-47,-0.0059
Baseline:, ,12-50-47,-0.0059
Baseline:, ,12-50-47,-0.0146
Baseline:, ,12-50-47,-0.0088
Baseline:, ,12-50-47,-0.0029
Baseline:, ,12-50-47,-0.0205
Baseline:, ,12-50-47,0.0000
Baseline:, ,12-50-47,-0.0117
Baseline:, ,12-50-47,0.0000
Baseline:, ,12-50-47,-0.0059
Baseline:, ,12-50-47,-0.0059
Baseline:, ,12-50-47,0.0000
Baseline:, ,12-50-47,-0.0029
Baseline:, ,12-50-47,-0.0029
Baseline:, ,12-50-47,-0.0059
Baseline:, ,12-50-47,-0.0117
Baseline:, ,12-50-47,-0.0059
Baseline:, ,12-50-47,-0.0117
Baseline:, ,12-50-47,-0.0088
Baseline:, ,12-50-47,-0.0146
Baseline:, ,12-50-47,-0.0088
Baseline:, ,12-50-47,-0.0117
Baseline:, ,12-50-47,-0.0117
Baseline:, ,12-50-48,0.0000
Baseline:, ,12-50-48,-0.0117
Baseline:, ,12-50-48,-0.0029
Baseline:, ,12-50-48,-0.0029
Baseline:, ,12-50-48,-0.0117
Baseline:, ,12-50-48,-0.0117
Baseline:, ,12-50-48,-0.0088
Baseline:, ,12-50-48,-0.0088
Baseline:, ,12-50-48,-0.0146
Baseline:, ,12-50-48,-0.0059
Baseline:, ,12-50-48,-0.0029
Baseline:, ,12-50-48,0.0000
Baseline:, ,12-50-48,-0.0059
Baseline:, ,12-50-48,-0.0059
Baseline:, ,12-50-48,-0.0117
Baseline:, ,12-50-48,-0.0088
Baseline:, ,12-50-48,-0.0059
Baseline:, ,12-50-48,-0.0088
Baseline:, ,12-50-48,-0.0029
Baseline:, ,12-50-48,-0.0117
Baseline:, ,12-50-48,-0.0117
Baseline:, ,12-50-48,-0.0088
Baseline:, ,12-50-48,-0.0059
Baseline:, ,12-50-48,-0.0176
Baseline:, ,12-50-48,-0.0029
Baseline:, ,12-50-48,-0.0059
Baseline:, ,12-50-48,-0.0029
Baseline:, ,12-50-48,-0.0059
Baseline:, ,12-50-48,-0.0088
Baseline:, ,12-50-48,-0.0234
Baseline:, ,12-50-48,-0.0059
Baseline:, ,12-50-48,-0.0059
Baseline:, ,12-50-48,-0.0088
Baseline:, ,12-50-48,-0.0088
Baseline:, ,12-50-48,-0.0059
Baseline:, ,12-50-48,-0.0088
Baseline:, ,12-50-48,-0.0059
Baseline:, ,12-50-48,-0.0059
Baseline:, ,12-50-48,-0.0117
Baseline:, ,12-50-48,-0.0029
Baseline:, ,12-50-48,-0.0059
Baseline:, ,12-50-48,-0.0205
Baseline:, ,12-50-48,-0.0059
Baseline:, ,12-50-48,-0.0059
Baseline:, ,12-50-48,-0.0029
Baseline:, ,12-50-48,0.0000
Baseline:, ,12-50-48,-0.0059
Baseline:, ,12-50-48,-0.0059
Baseline:, ,12-50-48,-0.0088
Baseline:, ,12-50-48,0.0029
Baseline:, ,12-50-48,-0.0088
Baseline:, ,12-50-48,-0.0059
Baseline:, ,12-50-48,-0.0059
Baseline:, ,12-50-48,-0.0146
Baseline:, ,12-50-48,-0.0117
Baseline:, ,12-50-48,-0.0146
Baseline:, ,12-50-48,-0.0059
Baseline:, ,12-50-48,-0.0176
Baseline:, ,12-50-48,-0.0146
Baseline:, ,12-50-48,-0.0146
Baseline:, ,12-50-48,-0.0059
Baseline:, ,12-50-48,-0.0029
Baseline:, ,12-50-48,-0.0029
Baseline:, ,12-50-48,-0.0088
Baseline:, ,12-50-48,-0.0088
Baseline:, ,12-50-48,-0.0117
Baseline:, ,12-50-48,-0.0029
Baseline:, ,12-50-48,-0.0059
Baseline:, ,12-50-48,0.0029
Baseline:, ,12-50-48,-0.0059
Baseline:, ,12-50-48,-0.0029
Baseline:, ,12-50-48,0.0000
Baseline:, ,12-50-48,-0.0088
Baseline:, ,12-50-48,-0.0088
Baseline:, ,12-50-48,-0.0088
Baseline:, ,12-50-48,-0.0059
Baseline:, ,12-50-48,-0.0088
Baseline:, ,12-50-48,-0.0176
Baseline:, ,12-50-48,-0.0205
Baseline:, ,12-50-48,-0.0146
Baseline:, ,12-50-48,-0.0029
Baseline:, ,12-50-48,-0.0029
Baseline:, ,12-50-48,-0.0176
Baseline:, ,12-50-48,-0.0146
Baseline:, ,12-50-48,-0.0029
Baseline:, ,12-50-48,-0.0029
Baseline:, ,12-50-48,0.0000
Baseline:, ,12-50-48,0.0029
Baseline:, ,12-50-48,-0.0029
Baseline:, ,12-50-48,-0.0117
Baseline:, ,12-50-48,-0.0059
Baseline:, ,12-50-48,-0.0029
Baseline:, ,12-50-48,-0.0146
Baseline:, ,12-50-48,0.0000
Baseline:, ,12-50-48,-0.0029
Baseline:, ,12-50-48,0.0000
Baseline:, ,12-50-48,0.0029
Baseline:, ,12-50-48,0.0000
Baseline:, ,12-50-48,0.0029
Baseline:, ,12-50-49,-0.0059
Baseline:, ,12-50-49,-0.0117
Baseline:, ,12-50-49,-0.0117
Baseline:, ,12-50-49,-0.0029
Baseline:, ,12-50-49,-0.0117
Baseline:, ,12-50-49,-0.0059
Baseline:, ,12-50-49,-0.0117
Baseline:, ,12-50-49,-0.0059
Baseline:, ,12-50-49,-0.0146
Baseline:, ,12-50-49,-0.0146
Baseline:, ,12-50-49,-0.0117
Baseline:, ,12-50-49,0.0029
Baseline:, ,12-50-49,-0.0117
Baseline:, ,12-50-49,-0.0146
Baseline:, ,12-50-49,-0.0176
Baseline:, ,12-50-49,-0.0117
Baseline:, ,12-50-49,-0.0176
Baseline:, ,12-50-49,0.0000
Baseline:, ,12-50-49,-0.0059
Baseline:, ,12-50-49,-0.0059
Baseline:, ,12-50-49,-0.0029
Baseline:, ,12-50-49,-0.0117
Baseline:, ,12-50-49,-0.0059
Baseline:, ,12-50-49,-0.0205
Baseline:, ,12-50-49,-0.0205
Baseline:, ,12-50-49,-0.0059
Baseline:, ,12-50-49,-0.0029
Baseline:, ,12-50-49,-0.0029
Baseline:, ,12-50-49,-0.0029
Baseline:, ,12-50-49,-0.0059
Baseline:, ,12-50-49,-0.0059
Baseline:, ,12-50-49,-0.0059
Baseline:, ,12-50-49,0.0000
Baseline:, ,12-50-49,-0.0117
Baseline:, ,12-50-49,-0.0029
Baseline:, ,12-50-49,-0.0059
Baseline:, ,12-50-49,0.0000
Baseline:, ,12-50-49,0.0000
Baseline:, ,12-50-49,-0.0029
Baseline:, ,12-50-49,-0.0117
Baseline:, ,12-50-49,-0.0059
Baseline:, ,12-50-49,-0.0117
Baseline:, ,12-50-49,-0.0088
Baseline:, ,12-50-49,-0.0146
Baseline:, ,12-50-49,-0.0117
Baseline:, ,12-50-49,-0.0146
Baseline:, ,12-50-49,-0.0117
Baseline:, ,12-50-49,-0.0059
Baseline:, ,12-50-49,-0.0029
Baseline:, ,12-50-49,-0.0029
Baseline:, ,12-50-49,-0.0029
Baseline:, ,12-50-49,0.0000
Baseline:, ,12-50-49,-0.0059
Baseline:, ,12-50-49,-0.0117
Baseline:, ,12-50-49,-0.0059
Baseline:, ,12-50-49,-0.0117
Baseline:, ,12-50-49,-0.0117
Baseline:, ,12-50-49,-0.0176
Baseline:, ,12-50-49,-0.0117
Baseline:, ,12-50-49,-0.0029
Baseline:, ,12-50-49,-0.0029
Baseline:, ,12-50-49,-0.0059
Baseline:, ,12-50-49,-0.0029
Baseline:, ,12-50-49,-0.0205
Baseline:, ,12-50-49,-0.0088
Baseline:, ,12-50-49,-0.0088
Baseline:, ,12-50-49,-0.0088
Baseline:, ,12-50-49,-0.0059
Baseline:, ,12-50-49,-0.0029
Baseline:, ,12-50-49,-0.0117
Baseline:, ,12-50-49,-0.0059
Baseline:, ,12-50-49,-0.0117
Baseline:, ,12-50-49,-0.0029
Baseline:, ,12-50-49,-0.0029
Baseline:, ,12-50-49,0.0059
Baseline:, ,12-50-49,-0.0059
Baseline:, ,12-50-49,-0.0029
Baseline:, ,12-50-49,-0.0059
Baseline:, ,12-50-49,-0.0029
Baseline:, ,12-50-49,-0.0088
Baseline:, ,12-50-49,-0.0088
Baseline:, ,12-50-49,-0.0146
Baseline:, ,12-50-49,-0.0117
Baseline:, ,12-50-49,-0.0117
Baseline:, ,12-50-49,-0.0117
Baseline:, ,12-50-49,-0.0029
Baseline:, ,12-50-49,-0.0059
Baseline:, ,12-50-49,-0.0088
Baseline:, ,12-50-49,-0.0088
Baseline:, ,12-50-49,0.0059
Baseline:, ,12-50-49,-0.0029
Baseline:, ,12-50-49,-0.0059
Baseline:, ,12-50-49,-0.0088
Baseline:, ,12-50-49,-0.0088
Baseline:, ,12-50-49,-0.0059
Baseline:, ,12-50-49,0.0000
Baseline:, ,12-50-49,-0.0029
Baseline:, ,12-50-49,-0.0117
Baseline:, ,12-50-49,-0.0088
Baseline:, ,12-50-49,-0.0146
Baseline:, ,12-50-50,-0.0088
Baseline:, ,12-50-50,-0.0029
Baseline:, ,12-50-50,-0.0029
Baseline:, ,12-50-50,-0.0059
Baseline:, ,12-50-50,-0.0088
Baseline:, ,12-50-50,-0.0117
Baseline:, ,12-50-50,-0.0088
Baseline:, ,12-50-50,-0.0088
Baseline:, ,12-50-50,-0.0059
Baseline:, ,12-50-50,0.0000
Baseline:, ,12-50-50,-0.0059
Baseline:, ,12-50-50,-0.0059
Baseline:, ,12-50-50,-0.0146
Baseline:, ,12-50-50,-0.0146
Baseline:, ,12-50-50,-0.0117
Baseline:, ,12-50-50,-0.0029
Baseline:, ,12-50-50,-0.0117
Baseline:, ,12-50-50,-0.0088
Baseline:, ,12-50-50,-0.0117
Baseline:, ,12-50-50,-0.0117
Baseline:, ,12-50-50,-0.0088
Baseline:, ,12-50-50,-0.0088
Baseline:, ,12-50-50,-0.0059
Baseline:, ,12-50-50,-0.0059
Baseline:, ,12-50-50,-0.0176
Baseline:, ,12-50-50,-0.0088
Baseline:, ,12-50-50,-0.0059
Baseline:, ,12-50-50,-0.0146
Baseline:, ,12-50-50,-0.0059
Baseline:, ,12-50-50,-0.0029
Baseline:, ,12-50-50,-0.0059
Baseline:, ,12-50-50,0.0000
Baseline:, ,12-50-50,-0.0117
Baseline:, ,12-50-50,-0.0088
Baseline:, ,12-50-50,-0.0117
Baseline:, ,12-50-50,-0.0088
Baseline:, ,12-50-50,-0.0088
Baseline:, ,12-50-50,-0.0059
Baseline:, ,12-50-50,-0.0029
Baseline:, ,12-50-50,-0.0029
Baseline:, ,12-50-50,-0.0059
Baseline:, ,12-50-50,-0.0029
Baseline:, ,12-50-50,-0.0029
Baseline:, ,12-50-50,-0.0146
Baseline:, ,12-50-50,0.0000
Baseline:, ,12-50-50,-0.0029
Baseline:, ,12-50-50,-0.0117
Baseline:, ,12-50-50,-0.0059
Baseline:, ,12-50-50,-0.0146
Baseline:, ,12-50-50,-0.0205
Baseline:, ,12-50-50,-0.0117
Baseline:, ,12-50-50,-0.0176
Baseline:, ,12-50-50,-0.0029
Baseline:, ,12-50-50,-0.0059
Baseline:, ,12-50-50,-0.0029
Baseline:, ,12-50-50,-0.0059
Baseline:, ,12-50-50,-0.0117
Baseline:, ,12-50-50,-0.0059
Baseline:, ,12-50-50,-0.0146
Baseline:, ,12-50-50,-0.0117
Baseline:, ,12-50-50,0.0029
Baseline:, ,12-50-50,-0.0088
Baseline:, ,12-50-50,-0.0059
Baseline:, ,12-50-50,-0.0088
Baseline:, ,12-50-50,-0.0059
Baseline:, ,12-50-50,-0.0059
Baseline:, ,12-50-50,-0.0117
Baseline:, ,12-50-50,-0.0117
Baseline:, ,12-50-50,0.0000
Baseline:, ,12-50-50,-0.0176
Baseline:, ,12-50-50,-0.0088
Baseline:, ,12-50-50,-0.0088
Baseline:, ,12-50-50,-0.0146
Baseline:, ,12-50-50,-0.0088
Baseline:, ,12-50-50,-0.0146
Baseline:, ,12-50-50,-0.0117
Baseline:, ,12-50-50,-0.0088
Baseline:, ,12-50-50,-0.0088
Baseline:, ,12-50-50,-0.0059
Baseline:, ,12-50-50,-0.0117
Baseline:, ,12-50-50,-0.0117
Baseline:, ,12-50-50,-0.0029
Baseline:, ,12-50-50,-0.0088
Baseline:, ,12-50-50,0.0000
Baseline:, ,12-50-50,-0.0029
Baseline:, ,12-50-50,-0.0146
Baseline:, ,12-50-50,-0.0059
Baseline:, ,12-50-50,-0.0146
Baseline:, ,12-50-50,-0.0088
Baseline:, ,12-50-50,-0.0029
Baseline:, ,12-50-50,0.0000
Baseline:, ,12-50-50,-0.0059
Baseline:, ,12-50-50,-0.0029
Baseline:, ,12-50-50,-0.0059
Baseline:, ,12-50-50,-0.0088
Baseline:, ,12-50-50,-0.0059
Baseline:, ,12-50-50,-0.0029
Baseline:, ,12-50-50,-0.0029
Baseline:, ,12-50-50,-0.0117
Baseline:, ,12-50-50,-0.0117
Baseline:, ,12-50-51,-0.0029
Baseline:, ,12-50-51,-0.0117
Baseline:, ,12-50-51,-0.0205
Baseline:, ,12-50-51,-0.0029
Baseline:, ,12-50-51,-0.0088
Baseline:, ,12-50-51,-0.0117
Baseline:, ,12-50-51,-0.0029
Baseline:, ,12-50-51,0.0000
Baseline:, ,12-50-51,-0.0117
Baseline:, ,12-50-51,-0.0029
Baseline:, ,12-50-51,-0.0059
Baseline:, ,12-50-51,-0.0117
Baseline:, ,12-50-51,-0.0146
Baseline:, ,12-50-51,0.0029
Baseline:, ,12-50-51,-0.0029
Baseline:, ,12-50-51,-0.0146
Baseline:, ,12-50-51,-0.0117
Baseline:, ,12-50-51,-0.0029
Baseline:, ,12-50-51,-0.0117
Baseline:, ,12-50-51,-0.0146
Baseline:, ,12-50-51,-0.0088
Baseline:, ,12-50-51,-0.0029
Baseline:, ,12-50-51,-0.0029
Baseline:, ,12-50-51,-0.0117
Baseline:, ,12-50-51,-0.0117
Baseline:, ,12-50-51,-0.0088
Baseline:, ,12-50-51,-0.0029
Baseline:, ,12-50-51,-0.0029
Baseline:, ,12-50-51,0.0000
Baseline:, ,12-50-51,0.0029
Baseline:, ,12-50-51,-0.0059
Baseline:, ,12-50-51,-0.0088
Baseline:, ,12-50-51,-0.0029
Baseline:, ,12-50-51,-0.0029
Baseline:, ,12-50-51,0.0000
Baseline:, ,12-50-51,-0.0088
Baseline:, ,12-50-51,0.0029
Baseline:, ,12-50-51,-0.0117
Baseline:, ,12-50-51,-0.0059
Baseline:, ,12-50-51,-0.0117
Baseline:, ,12-50-51,-0.0088
Baseline:, ,12-50-51,-0.0059
Baseline:, ,12-50-51,-0.0234
Baseline:, ,12-50-51,-0.0146
Baseline:, ,12-50-51,-0.0029
Baseline:, ,12-50-51,-0.0146
Baseline:, ,12-50-51,0.0000
Baseline:, ,12-50-51,-0.0146
Baseline:, ,12-50-51,-0.0059
Baseline:, ,12-50-51,0.0029
Baseline:, ,12-50-51,-0.0146
Baseline:, ,12-50-51,-0.0088
Baseline:, ,12-50-51,-0.0029
Baseline:, ,12-50-51,-0.0029
Baseline:, ,12-50-51,-0.0117
Baseline:, ,12-50-51,-0.0088
Baseline:, ,12-50-51,0.0088
Baseline:, ,12-50-51,-0.0117
Baseline:, ,12-50-51,-0.0088
Baseline:, ,12-50-51,-0.0059
Baseline:, ,12-50-51,-0.0117
Baseline:, ,12-50-51,-0.0088
Baseline:, ,12-50-51,-0.0029
Baseline:, ,12-50-51,0.0029
Baseline:, ,12-50-51,0.0000
Baseline:, ,12-50-51,0.0000
Baseline:, ,12-50-51,-0.0059
Baseline:, ,12-50-51,-0.0088
Baseline:, ,12-50-51,-0.0088
Baseline:, ,12-50-51,-0.0059
Baseline:, ,12-50-51,-0.0146
Baseline:, ,12-50-51,-0.0088
Baseline:, ,12-50-51,-0.0146
Baseline:, ,12-50-51,-0.0176
Baseline:, ,12-50-51,-0.0146
Baseline:, ,12-50-51,-0.0146
Baseline:, ,12-50-51,-0.0029
Baseline:, ,12-50-51,-0.0146
Baseline:, ,12-50-51,-0.0117
Baseline:, ,12-50-51,-0.0088
Baseline:, ,12-50-51,-0.0059
Baseline:, ,12-50-51,-0.0059
Baseline:, ,12-50-51,0.0059
Baseline:, ,12-50-51,-0.0088
Baseline:, ,12-50-51,-0.0088
Baseline:, ,12-50-51,-0.0029
Baseline:, ,12-50-51,-0.0117
Baseline:, ,12-50-51,-0.0088
Baseline:, ,12-50-51,-0.0029
Baseline:, ,12-50-51,-0.0088
Baseline:, ,12-50-51,0.0000
Baseline:, ,12-50-51,-0.0029
Baseline:, ,12-50-51,-0.0146
Baseline:, ,12-50-51,-0.0117
Baseline:, ,12-50-51,-0.0029
Baseline:, ,12-50-51,-0.0176
Baseline:, ,12-50-51,-0.0117
Baseline:, ,12-50-51,-0.0117
Baseline:, ,12-50-51,-0.0029
Baseline:, ,12-50-52,-0.0059
Baseline:, ,12-50-52,0.0000
Baseline:, ,12-50-52,-0.0117
Baseline:, ,12-50-52,0.0000
Baseline:, ,12-50-52,-0.0088
Baseline:, ,12-50-52,-0.0117
Baseline:, ,12-50-52,-0.0146
Baseline:, ,12-50-52,-0.0146
Baseline:, ,12-50-52,-0.0088
Baseline:, ,12-50-52,-0.0029
Baseline:, ,12-50-52,-0.0059
Baseline:, ,12-50-52,-0.0029
Baseline:, ,12-50-52,-0.0117
Baseline:, ,12-50-52,-0.0059
Baseline:, ,12-50-52,0.0000
Baseline:, ,12-50-52,-0.0117
Baseline:, ,12-50-52,-0.0029
Baseline:, ,12-50-52,-0.0117
Baseline:, ,12-50-52,-0.0146
Baseline:, ,12-50-52,-0.0059
Baseline:, ,12-50-52,0.0000
Baseline:, ,12-50-52,-0.0205
Baseline:, ,12-50-52,-0.0029
Baseline:, ,12-50-52,-0.0088
Baseline:, ,12-50-52,-0.0088
Baseline:, ,12-50-52,-0.0088
Baseline:, ,12-50-52,-0.0059
Baseline:, ,12-50-52,-0.0117
Baseline:, ,12-50-52,-0.0205
Baseline:, ,12-50-52,-0.0146
Baseline:, ,12-50-52,-0.0059
Baseline:, ,12-50-52,-0.0029
Baseline:, ,12-50-52,0.0029
Baseline:, ,12-50-52,-0.0088
Baseline:, ,12-50-52,-0.0029
Baseline:, ,12-50-52,-0.0117
Baseline:, ,12-50-52,-0.0088
Baseline:, ,12-50-52,-0.0088
Baseline:, ,12-50-52,-0.0059
Baseline:, ,12-50-52,-0.0117
Baseline:, ,12-50-52,-0.0088
Baseline:, ,12-50-52,-0.0146
Baseline:, ,12-50-52,0.0029
Baseline:, ,12-50-52,-0.0029
Baseline:, ,12-50-52,-0.0029
Baseline:, ,12-50-52,-0.0059
Baseline:, ,12-50-52,-0.0117
Baseline:, ,12-50-52,-0.0059
Baseline:, ,12-50-52,-0.0117
Baseline:, ,12-50-52,-0.0176
Baseline:, ,12-50-52,-0.0029
Baseline:, ,12-50-52,-0.0088
Baseline:, ,12-50-52,0.0000
Baseline:, ,12-50-52,-0.0059
Baseline:, ,12-50-52,-0.0059
Baseline:, ,12-50-52,-0.0029
Baseline:, ,12-50-52,-0.0059
Baseline:, ,12-50-52,0.0000
Baseline:, ,12-50-52,-0.0059
Baseline:, ,12-50-52,-0.0059
Baseline:, ,12-50-52,0.0059
Baseline:, ,12-50-52,-0.0117
Baseline:, ,12-50-52,-0.0059
Baseline:, ,12-50-52,0.0000
Baseline:, ,12-50-52,-0.0059
Baseline:, ,12-50-52,-0.0117
Baseline:, ,12-50-52,-0.0029
Baseline:, ,12-50-52,-0.0146
Baseline:, ,12-50-52,-0.0205
Baseline:, ,12-50-52,-0.0117
Baseline:, ,12-50-52,-0.0059
Baseline:, ,12-50-52,-0.0029
Baseline:, ,12-50-52,-0.0059
Baseline:, ,12-50-52,-0.0146
Baseline:, ,12-50-52,-0.0088
Baseline:, ,12-50-52,-0.0146
Baseline:, ,12-50-52,-0.0059
Baseline:, ,12-50-52,-0.0117
Baseline:, ,12-50-52,-0.0146
Baseline:, ,12-50-52,-0.0059
Baseline:, ,12-50-52,-0.0088
Baseline:, ,12-50-52,-0.0059
Baseline:, ,12-50-52,-0.0029
Baseline:, ,12-50-52,-0.0029
Baseline:, ,12-50-52,-0.0029
Baseline:, ,12-50-52,-0.0205
Baseline:, ,12-50-52,-0.0117
Baseline:, ,12-50-52,-0.0117
Baseline:, ,12-50-52,-0.0029
Baseline:, ,12-50-52,-0.0117
Baseline:, ,12-50-52,-0.0029
Baseline:, ,12-50-52,-0.0146
Baseline:, ,12-50-52,0.0088
Baseline:, ,12-50-52,-0.0059
Baseline:, ,12-50-52,-0.0117
Baseline:, ,12-50-52,-0.0029
Baseline:, ,12-50-52,-0.0059
Baseline:, ,12-50-52,-0.0059
Baseline:, ,12-50-52,-0.0117
Baseline:, ,12-50-53,-0.0117
Baseline:, ,12-50-53,-0.0029
Baseline:, ,12-50-53,-0.0117
Baseline:, ,12-50-53,-0.0088
Baseline:, ,12-50-53,-0.0117
Baseline:, ,12-50-53,-0.0059
Baseline:, ,12-50-53,-0.0059
Baseline:, ,12-50-53,-0.0146
Baseline:, ,12-50-53,0.0000
Baseline:, ,12-50-53,-0.0117
Baseline:, ,12-50-53,-0.0088
Baseline:, ,12-50-53,-0.0117
Baseline:, ,12-50-53,-0.0146
Baseline:, ,12-50-53,0.0000
Baseline:, ,12-50-53,-0.0117
Baseline:, ,12-50-53,-0.0117
Baseline:, ,12-50-53,-0.0059
Baseline:, ,12-50-53,-0.0088
Baseline:, ,12-50-53,-0.0176
Baseline:, ,12-50-53,-0.0059
Baseline:, ,12-50-53,-0.0146
Baseline:, ,12-50-53,-0.0117
Baseline:, ,12-50-53,-0.0146
Baseline:, ,12-50-53,-0.0117
Baseline:, ,12-50-53,-0.0059
Baseline:, ,12-50-53,-0.0029
Baseline:, ,12-50-53,0.0029
Baseline:, ,12-50-53,-0.0029
Baseline:, ,12-50-53,-0.0029
Baseline:, ,12-50-53,0.0000
Baseline:, ,12-50-53,-0.0117
Baseline:, ,12-50-53,-0.0029
Baseline:, ,12-50-53,-0.0029
Baseline:, ,12-50-53,-0.0088
Baseline:, ,12-50-53,-0.0088
Baseline:, ,12-50-53,-0.0088
Baseline:, ,12-50-53,-0.0117
Baseline:, ,12-50-53,-0.0176
Baseline:, ,12-50-53,-0.0059
Baseline:, ,12-50-53,-0.0117
Baseline:, ,12-50-53,-0.0176
Baseline:, ,12-50-53,-0.0176
Baseline:, ,12-50-53,-0.0205
Baseline:, ,12-50-53,-0.0088
Baseline:, ,12-50-53,-0.0059
Baseline:, ,12-50-53,-0.0029
Baseline:, ,12-50-53,-0.0146
Baseline:, ,12-50-53,-0.0146
Baseline:, ,12-50-53,0.0000
Baseline:, ,12-50-53,-0.0059
Baseline:, ,12-50-53,0.0000
Baseline:, ,12-50-53,-0.0029
Baseline:, ,12-50-53,0.0029
Baseline:, ,12-50-53,-0.0059
Baseline:, ,12-50-53,-0.0176
Baseline:, ,12-50-53,-0.0117
Baseline:, ,12-50-53,-0.0088
Baseline:, ,12-50-53,-0.0234
Baseline:, ,12-50-53,-0.0117
Baseline:, ,12-50-53,-0.0088
Baseline:, ,12-50-53,-0.0029
Baseline:, ,12-50-53,0.0029
Baseline:, ,12-50-53,0.0029
Baseline:, ,12-50-53,-0.0029
Baseline:, ,12-50-53,-0.0117
Baseline:, ,12-50-53,-0.0176
Baseline:, ,12-50-53,-0.0117
Baseline:, ,12-50-53,-0.0117
Baseline:, ,12-50-53,-0.0059
Baseline:, ,12-50-53,0.0000
Baseline:, ,12-50-53,-0.0029
Baseline:, ,12-50-53,-0.0059
Baseline:, ,12-50-53,-0.0117
Baseline:, ,12-50-53,-0.0234
Baseline:, ,12-50-53,-0.0088
Baseline:, ,12-50-53,-0.0088
Baseline:, ,12-50-53,-0.0029
Baseline:, ,12-50-53,-0.0059
Baseline:, ,12-50-53,-0.0088
Baseline:, ,12-50-53,-0.0117
Baseline:, ,12-50-53,-0.0146
Baseline:, ,12-50-53,-0.0117
Baseline:, ,12-50-53,-0.0088
Baseline:, ,12-50-53,-0.0059
Baseline:, ,12-50-53,-0.0088
Baseline:, ,12-50-53,-0.0059
Baseline:, ,12-50-53,-0.0059
Baseline:, ,12-50-53,-0.0146
Baseline:, ,12-50-53,-0.0059
Baseline:, ,12-50-53,-0.0146
Baseline:, ,12-50-53,-0.0059
Baseline:, ,12-50-53,-0.0088
Baseline:, ,12-50-53,-0.0117
Baseline:, ,12-50-53,-0.0059
Baseline:, ,12-50-53,-0.0029
Baseline:, ,12-50-53,-0.0059
Baseline:, ,12-50-53,-0.0029
Baseline:, ,12-50-53,-0.0176
Baseline:, ,12-50-54,-0.0117
Baseline:, ,12-50-54,-0.0059
Baseline:, ,12-50-54,-0.0059
Baseline:, ,12-50-54,-0.0176
Baseline:, ,12-50-54,-0.0117
Baseline:, ,12-50-54,-0.0117
Baseline:, ,12-50-54,-0.0029
Baseline:, ,12-50-54,-0.0029
Baseline:, ,12-50-54,-0.0029
Baseline:, ,12-50-54,-0.0088
Baseline:, ,12-50-54,-0.0029
Baseline:, ,12-50-54,-0.0059
Baseline:, ,12-50-54,-0.0088
Baseline:, ,12-50-54,-0.0029
Baseline:, ,12-50-54,-0.0059
Baseline:, ,12-50-54,-0.0029
Baseline:, ,12-50-54,-0.0029
Baseline:, ,12-50-54,-0.0117
Baseline:, ,12-50-54,-0.0146
Baseline:, ,12-50-54,-0.0146
Baseline:, ,12-50-54,-0.0176
Baseline:, ,12-50-54,-0.0088
Baseline:, ,12-50-54,-0.0029
Baseline:, ,12-50-54,-0.0088
Baseline:, ,12-50-54,0.0000
Baseline:, ,12-50-54,-0.0059
Baseline:, ,12-50-54,-0.0088
Baseline:, ,12-50-54,-0.0117
Baseline:, ,12-50-54,-0.0146
Baseline:, ,12-50-54,-0.0117
Baseline:, ,12-50-54,-0.0146
Baseline:, ,12-50-54,-0.0088
Baseline:, ,12-50-54,-0.0029
Baseline:, ,12-50-54,-0.0117
Baseline:, ,12-50-54,-0.0029
Baseline:, ,12-50-54,-0.0146
Baseline:, ,12-50-54,-0.0117
Baseline:, ,12-50-54,-0.0088
Baseline:, ,12-50-54,-0.0088
Baseline:, ,12-50-54,0.0000
Baseline:, ,12-50-54,-0.0088
Baseline:, ,12-50-54,-0.0088
Baseline:, ,12-50-54,-0.0029
Baseline:, ,12-50-54,-0.0117
Baseline:, ,12-50-54,-0.0029
Baseline:, ,12-50-54,-0.0059
Baseline:, ,12-50-54,-0.0117
Baseline:, ,12-50-54,-0.0117
Baseline:, ,12-50-54,-0.0176
Baseline:, ,12-50-54,-0.0029
Baseline:, ,12-50-54,-0.0088
Baseline:, ,12-50-54,-0.0029
Baseline:, ,12-50-54,-0.0029
Baseline:, ,12-50-54,-0.0059
Baseline:, ,12-50-54,-0.0029
Baseline:, ,12-50-54,-0.0117
Baseline:, ,12-50-54,-0.0088
Baseline:, ,12-50-54,-0.0117
Baseline:, ,12-50-54,-0.0117
Baseline:, ,12-50-54,-0.0088
Baseline:, ,12-50-54,-0.0059
Baseline:, ,12-50-54,-0.0029
Baseline:, ,12-50-54,-0.0146
Baseline:, ,12-50-54,-0.0117
Baseline:, ,12-50-54,-0.0088
Baseline:, ,12-50-54,-0.0117
Baseline:, ,12-50-54,-0.0117
Baseline:, ,12-50-54,-0.0059
Baseline:, ,12-50-54,-0.0234
Baseline:, ,12-50-54,-0.0088
Baseline:, ,12-50-54,-0.0117
Baseline:, ,12-50-54,-0.0117
Baseline:, ,12-50-54,0.0000
Baseline:, ,12-50-54,0.0029
Baseline:, ,12-50-54,0.0088
Baseline:, ,12-50-54,-0.0029
Baseline:, ,12-50-54,-0.0029
Baseline:, ,12-50-54,-0.0117
Baseline:, ,12-50-54,0.0000
Baseline:, ,12-50-54,-0.0029
Baseline:, ,12-50-54,-0.0088
Baseline:, ,12-50-54,-0.0059
Baseline:, ,12-50-54,-0.0088
Baseline:, ,12-50-54,-0.0146
Baseline:, ,12-50-54,-0.0205
Baseline:, ,12-50-54,-0.0088
Baseline:, ,12-50-54,-0.0059
Baseline:, ,12-50-54,-0.0117
Baseline:, ,12-50-54,-0.0029
Baseline:, ,12-50-54,-0.0117
Baseline:, ,12-50-54,-0.0146
Baseline:, ,12-50-54,-0.0117
Baseline:, ,12-50-54,-0.0117
Baseline:, ,12-50-54,-0.0059
Baseline:, ,12-50-54,-0.0029
Baseline:, ,12-50-54,-0.0146
Baseline:, ,12-50-54,0.0000
Baseline:, ,12-50-54,0.0000
Baseline:, ,12-50-55,-0.0176
Baseline:, ,12-50-55,-0.0059
Baseline:, ,12-50-55,-0.0117
Baseline:, ,12-50-55,-0.0059
Baseline:, ,12-50-55,-0.0088
Baseline:, ,12-50-55,-0.0059
Baseline:, ,12-50-55,-0.0029
Baseline:, ,12-50-55,-0.0059
Baseline:, ,12-50-55,-0.0059
Baseline:, ,12-50-55,-0.0029
Baseline:, ,12-50-55,-0.0029
Baseline:, ,12-50-55,-0.0059
Baseline:, ,12-50-55,-0.0146
Baseline:, ,12-50-55,-0.0117
Baseline:, ,12-50-55,-0.0146
Baseline:, ,12-50-55,-0.0029
Baseline:, ,12-50-55,-0.0059
Baseline:, ,12-50-55,-0.0029
Baseline:, ,12-50-55,-0.0146
Baseline:, ,12-50-55,-0.0059
Baseline:, ,12-50-55,-0.0117
Baseline:, ,12-50-55,-0.0117
Baseline:, ,12-50-55,-0.0029
Baseline:, ,12-50-55,-0.0029
Baseline:, ,12-50-55,-0.0146
Baseline:, ,12-50-55,-0.0088
Baseline:, ,12-50-55,-0.0029
Baseline:, ,12-50-55,0.0000
Baseline:, ,12-50-55,0.0000
Baseline:, ,12-50-55,-0.0117
Baseline:, ,12-50-55,-0.0176
Baseline:, ,12-50-55,0.0000
Baseline:, ,12-50-55,-0.0117
Baseline:, ,12-50-55,-0.0117
Baseline:, ,12-50-55,-0.0088
Baseline:, ,12-50-55,-0.0117
Baseline:, ,12-50-55,-0.0146
Baseline:, ,12-50-55,-0.0059
Baseline:, ,12-50-55,-0.0059
Baseline:, ,12-50-55,-0.0059
Baseline:, ,12-50-55,-0.0088
Baseline:, ,12-50-55,-0.0234
Baseline:, ,12-50-55,-0.0146
Baseline:, ,12-50-55,-0.0146
Baseline:, ,12-50-55,0.0000
Baseline:, ,12-50-55,0.0000
Baseline:, ,12-50-55,-0.0059
Baseline:, ,12-50-55,-0.0059
Baseline:, ,12-50-55,-0.0146
Baseline:, ,12-50-55,-0.0029
Baseline:, ,12-50-55,-0.0117
Baseline:, ,12-50-55,-0.0176
Baseline:, ,12-50-55,-0.0059
Baseline:, ,12-50-55,-0.0117
Baseline:, ,12-50-55,-0.0088
Baseline:, ,12-50-55,-0.0059
Baseline:, ,12-50-55,0.0000
Baseline:, ,12-50-55,-0.0029
Baseline:, ,12-50-55,-0.0088
Baseline:, ,12-50-55,0.0000
Baseline:, ,12-50-55,-0.0029
Baseline:, ,12-50-55,0.0029
Baseline:, ,12-50-55,-0.0088
Baseline:, ,12-50-55,-0.0059
Baseline:, ,12-50-55,-0.0059
Baseline:, ,12-50-55,-0.0146
Baseline:, ,12-50-55,-0.0146
Baseline:, ,12-50-55,-0.0059
Baseline:, ,12-50-55,-0.0029
Baseline:, ,12-50-55,-0.0029
Baseline:, ,12-50-55,0.0000
Baseline:, ,12-50-55,0.0000
Baseline:, ,12-50-55,-0.0117
Baseline:, ,12-50-55,-0.0059
Baseline:, ,12-50-55,-0.0059
Baseline:, ,12-50-55,-0.0059
Baseline:, ,12-50-55,-0.0176
Baseline:, ,12-50-55,-0.0146
Baseline:, ,12-50-55,-0.0029
Baseline:, ,12-50-55,-0.0029
Baseline:, ,12-50-55,-0.0146
Baseline:, ,12-50-55,-0.0088
Baseline:, ,12-50-55,-0.0088
Baseline:, ,12-50-55,-0.0117
Baseline:, ,12-50-55,-0.0088
Baseline:, ,12-50-55,-0.0029
Baseline:, ,12-50-55,-0.0059
Baseline:, ,12-50-55,-0.0117
Baseline:, ,12-50-55,-0.0146
Baseline:, ,12-50-55,-0.0176
Baseline:, ,12-50-55,-0.0117
Baseline:, ,12-50-55,-0.0029
Baseline:, ,12-50-55,-0.0205
Baseline:, ,12-50-55,-0.0146
Baseline:, ,12-50-55,-0.0088
Baseline:, ,12-50-55,-0.0117
Baseline:, ,12-50-55,-0.0059
Baseline:, ,12-50-55,-0.0117
Baseline:, ,12-50-55,-0.0029
Baseline:, ,12-50-55,-0.0117
Baseline:, ,12-50-56,-0.0029
Baseline:, ,12-50-56,0.0000
Baseline:, ,12-50-56,-0.0059
Baseline:, ,12-50-56,0.0029
Baseline:, ,12-50-56,-0.0029
Baseline:, ,12-50-56,-0.0088
Baseline:, ,12-50-56,-0.0117
Baseline:, ,12-50-56,-0.0059
Baseline:, ,12-50-56,0.0000
Baseline:, ,12-50-56,-0.0088
Baseline:, ,12-50-56,-0.0117
Baseline:, ,12-50-56,-0.0146
Baseline:, ,12-50-56,-0.0146
Baseline:, ,12-50-56,-0.0117
Baseline:, ,12-50-56,-0.0059
Baseline:, ,12-50-56,-0.0117
Baseline:, ,12-50-56,0.0000
Baseline:, ,12-50-56,0.0000
Baseline:, ,12-50-56,-0.0088
Baseline:, ,12-50-56,-0.0117
Baseline:, ,12-50-56,-0.0117
Baseline:, ,12-50-56,-0.0146
Baseline:, ,12-50-56,-0.0088
Baseline:, ,12-50-56,-0.0029
Baseline:, ,12-50-56,-0.0059
Baseline:, ,12-50-56,0.0029
Baseline:, ,12-50-56,-0.0088
Baseline:, ,12-50-56,-0.0059
Baseline:, ,12-50-56,0.0000
Baseline:, ,12-50-56,-0.0059
Baseline:, ,12-50-56,-0.0029
Baseline:, ,12-50-56,-0.0059
Baseline:, ,12-50-56,-0.0117
Baseline:, ,12-50-56,-0.0029
Baseline:, ,12-50-56,-0.0146
Baseline:, ,12-50-56,-0.0059
Baseline:, ,12-50-56,-0.0146
Baseline:, ,12-50-56,-0.0117
Baseline:, ,12-50-56,-0.0059
Baseline:, ,12-50-56,-0.0117
Baseline:, ,12-50-56,-0.0088
Baseline:, ,12-50-56,-0.0059
Baseline:, ,12-50-56,-0.0029
Baseline:, ,12-50-56,-0.0117
Baseline:, ,12-50-56,-0.0059
Baseline:, ,12-50-56,-0.0146
Baseline:, ,12-50-56,-0.0205
Baseline:, ,12-50-56,-0.0029
Baseline:, ,12-50-56,-0.0117
Baseline:, ,12-50-56,-0.0029
Baseline:, ,12-50-56,-0.0117
Baseline:, ,12-50-56,-0.0059
Baseline:, ,12-50-56,0.0000
Baseline:, ,12-50-56,0.0000
Baseline:, ,12-50-56,0.0000
Baseline:, ,12-50-56,-0.0117
Baseline:, ,12-50-56,-0.0088
Baseline:, ,12-50-56,-0.0029
Baseline:, ,12-50-56,0.0000
Baseline:, ,12-50-56,-0.0117
Baseline:, ,12-50-56,-0.0059
Baseline:, ,12-50-56,-0.0088
Baseline:, ,12-50-56,-0.0059
Baseline:, ,12-50-56,0.0000
Baseline:, ,12-50-56,-0.0117
Baseline:, ,12-50-56,-0.0146
Baseline:, ,12-50-56,-0.0088
Baseline:, ,12-50-56,-0.0176
Baseline:, ,12-50-56,-0.0088
Baseline:, ,12-50-56,-0.0146
Baseline:, ,12-50-56,-0.0205
Baseline:, ,12-50-56,-0.0029
Baseline:, ,12-50-56,-0.0117
Baseline:, ,12-50-56,-0.0146
Baseline:, ,12-50-56,-0.0234
Baseline:, ,12-50-56,-0.0117
Baseline:, ,12-50-56,-0.0088
Baseline:, ,12-50-56,0.0000
Baseline:, ,12-50-56,-0.0117
Baseline:, ,12-50-56,-0.0146
Baseline:, ,12-50-56,-0.0088
Baseline:, ,12-50-56,-0.0088
Baseline:, ,12-50-56,0.0000
Baseline:, ,12-50-56,-0.0088
Baseline:, ,12-50-56,-0.0059
Baseline:, ,12-50-56,-0.0029
Baseline:, ,12-50-56,-0.0117
Baseline:, ,12-50-56,0.0000
Baseline:, ,12-50-56,-0.0029
Baseline:, ,12-50-56,-0.0059
Baseline:, ,12-50-56,-0.0088
Baseline:, ,12-50-56,-0.0146
Baseline:, ,12-50-56,-0.0117
Baseline:, ,12-50-56,-0.0117
Baseline:, ,12-50-56,-0.0029
Baseline:, ,12-50-56,-0.0176
Baseline:, ,12-50-56,-0.0088
Baseline:, ,12-50-56,-0.0059
Baseline:, ,12-50-57,-0.0117
Baseline:, ,12-50-57,-0.0088
Baseline:, ,12-50-57,-0.0059
Baseline:, ,12-50-57,0.0000
Baseline:, ,12-50-57,-0.0088
Baseline:, ,12-50-57,0.0000
Baseline:, ,12-50-57,-0.0088
Baseline:, ,12-50-57,-0.0029
Baseline:, ,12-50-57,-0.0146
Baseline:, ,12-50-57,-0.0117
Baseline:, ,12-50-57,-0.0146
Baseline:, ,12-50-57,-0.0117
Baseline:, ,12-50-57,-0.0117
Baseline:, ,12-50-57,-0.0029
Baseline:, ,12-50-57,-0.0176
Baseline:, ,12-50-57,-0.0029
Baseline:, ,12-50-57,-0.0059
Baseline:, ,12-50-57,-0.0117
Baseline:, ,12-50-57,-0.0029
Baseline:, ,12-50-57,-0.0117
Baseline:, ,12-50-57,-0.0029
Baseline:, ,12-50-57,-0.0029
Baseline:, ,12-50-57,-0.0117
Baseline:, ,12-50-57,-0.0205
Baseline:, ,12-50-57,-0.0117
Baseline:, ,12-50-57,-0.0088
Baseline:, ,12-50-57,-0.0029
Baseline:, ,12-50-57,-0.0117
Baseline:, ,12-50-57,-0.0088
Baseline:, ,12-50-57,-0.0059
Baseline:, ,12-50-57,-0.0029
Baseline:, ,12-50-57,-0.0117
Baseline:, ,12-50-57,-0.0029
Baseline:, ,12-50-57,-0.0059
Baseline:, ,12-50-57,-0.0176
Baseline:, ,12-50-57,-0.0117
Baseline:, ,12-50-57,-0.0059
Baseline:, ,12-50-57,-0.0146
Baseline:, ,12-50-57,-0.0146
Baseline:, ,12-50-57,-0.0146
Baseline:, ,12-50-57,-0.0059
Baseline:, ,12-50-57,-0.0088
Baseline:, ,12-50-57,-0.0088
Baseline:, ,12-50-57,-0.0029
Baseline:, ,12-50-57,-0.0117
Baseline:, ,12-50-57,-0.0059
Baseline:, ,12-50-57,-0.0029
Baseline:, ,12-50-57,-0.0117
Baseline:, ,12-50-57,-0.0029
Baseline:, ,12-50-57,-0.0117
Baseline:, ,12-50-57,0.0000
Baseline:, ,12-50-57,-0.0059
Baseline:, ,12-50-57,-0.0059
Baseline:, ,12-50-57,-0.0029
Baseline:, ,12-50-57,-0.0059
Baseline:, ,12-50-57,-0.0146
Baseline:, ,12-50-57,-0.0029
Baseline:, ,12-50-57,-0.0059
Baseline:, ,12-50-57,-0.0059
Baseline:, ,12-50-57,0.0000
Baseline:, ,12-50-57,-0.0059
Baseline:, ,12-50-57,-0.0029
Baseline:, ,12-50-57,-0.0088
Baseline:, ,12-50-57,-0.0088
Baseline:, ,12-50-57,-0.0146
Baseline:, ,12-50-57,-0.0059
Baseline:, ,12-50-57,-0.0146
Baseline:, ,12-50-57,-0.0117
Baseline:, ,12-50-57,-0.0059
Baseline:, ,12-50-57,-0.0059
Baseline:, ,12-50-57,0.0029
Baseline:, ,12-50-57,0.0000
Baseline:, ,12-50-57,-0.0088
Baseline:, ,12-50-57,-0.0059
Baseline:, ,12-50-57,-0.0146
Baseline:, ,12-50-57,-0.0146
Baseline:, ,12-50-57,-0.0088
Baseline:, ,12-50-57,-0.0117
Baseline:, ,12-50-57,-0.0117
Baseline:, ,12-50-57,-0.0146
Baseline:, ,12-50-57,-0.0059
Baseline:, ,12-50-57,-0.0029
Baseline:, ,12-50-57,-0.0088
Baseline:, ,12-50-57,-0.0029
Baseline:, ,12-50-57,-0.0117
Baseline:, ,12-50-57,-0.0059
Baseline:, ,12-50-57,-0.0029
Baseline:, ,12-50-57,-0.0088
Baseline:, ,12-50-57,-0.0117
Baseline:, ,12-50-57,-0.0088
Baseline:, ,12-50-57,-0.0088
Baseline:, ,12-50-57,-0.0029
Baseline:, ,12-50-57,-0.0029
Baseline:, ,12-50-57,-0.0146
Baseline:, ,12-50-57,-0.0176
Baseline:, ,12-50-57,-0.0088
Baseline:, ,12-50-57,-0.0029
Baseline:, ,12-50-58,0.0029
Baseline:, ,12-50-58,0.0029
Baseline:, ,12-50-58,-0.0088
Baseline:, ,12-50-58,-0.0059
Baseline:, ,12-50-58,-0.0059
Baseline:, ,12-50-58,-0.0146
Baseline:, ,12-50-58,-0.0088
Baseline:, ,12-50-58,-0.0059
Baseline:, ,12-50-58,-0.0088
Baseline:, ,12-50-58,-0.0029
Baseline:, ,12-50-58,-0.0117
Baseline:, ,12-50-58,-0.0146
Baseline:, ,12-50-58,-0.0117
Baseline:, ,12-50-58,-0.0088
Baseline:, ,12-50-58,-0.0117
Baseline:, ,12-50-58,-0.0029
Baseline:, ,12-50-58,-0.0088
Baseline:, ,12-50-58,-0.0029
Baseline:, ,12-50-58,-0.0059
Baseline:, ,12-50-58,-0.0059
Baseline:, ,12-50-58,-0.0117
Baseline:, ,12-50-58,-0.0117
Baseline:, ,12-50-58,-0.0176
Baseline:, ,12-50-58,-0.0146
Baseline:, ,12-50-58,-0.0117
Baseline:, ,12-50-58,-0.0088
Baseline:, ,12-50-58,-0.0205
Baseline:, ,12-50-58,0.0000
Baseline:, ,12-50-58,0.0029
Baseline:, ,12-50-58,0.0000
Baseline:, ,12-50-58,-0.0088
Baseline:, ,12-50-58,-0.0176
Baseline:, ,12-50-58,0.0000
Baseline:, ,12-50-58,-0.0029
Baseline:, ,12-50-58,-0.0117
Baseline:, ,12-50-58,-0.0088
Baseline:, ,12-50-58,-0.0117
Baseline:, ,12-50-58,-0.0117
Baseline:, ,12-50-58,-0.0205
Baseline:, ,12-50-58,-0.0205
Baseline:, ,12-50-58,-0.0059
Baseline:, ,12-50-58,-0.0088
Baseline:, ,12-50-58,-0.0088
Baseline:, ,12-50-58,0.0000
Baseline:, ,12-50-58,-0.0059
Baseline:, ,12-50-58,-0.0088
Baseline:, ,12-50-58,-0.0146
Baseline:, ,12-50-58,-0.0029
Baseline:, ,12-50-58,-0.0117
Baseline:, ,12-50-58,-0.0029
Baseline:, ,12-50-58,0.0029
Baseline:, ,12-50-58,-0.0059
Baseline:, ,12-50-58,-0.0088
Baseline:, ,12-50-58,-0.0029
Baseline:, ,12-50-58,-0.0059
Baseline:, ,12-50-58,-0.0146
Baseline:, ,12-50-58,-0.0059
Baseline:, ,12-50-58,-0.0117
Baseline:, ,12-50-58,-0.0146
Baseline:, ,12-50-58,-0.0088
Baseline:, ,12-50-58,-0.0117
Baseline:, ,12-50-58,-0.0088
Baseline:, ,12-50-58,-0.0146
Baseline:, ,12-50-58,-0.0117
Baseline:, ,12-50-58,-0.0059
Baseline:, ,12-50-58,-0.0117
Baseline:, ,12-50-58,-0.0146
Baseline:, ,12-50-58,-0.0117
Baseline:, ,12-50-58,-0.0117
Baseline:, ,12-50-58,-0.0176
Baseline:, ,12-50-58,-0.0059
Baseline:, ,12-50-58,-0.0176
Baseline:, ,12-50-58,-0.0088
Baseline:, ,12-50-58,-0.0059
Baseline:, ,12-50-58,0.0059
Baseline:, ,12-50-58,-0.0029
Baseline:, ,12-50-58,-0.0117
Baseline:, ,12-50-58,-0.0029
Baseline:, ,12-50-58,-0.0059
Baseline:, ,12-50-58,-0.0029
Baseline:, ,12-50-58,-0.0088
Baseline:, ,12-50-58,-0.0117
Baseline:, ,12-50-58,0.0059
Baseline:, ,12-50-58,-0.0029
Baseline:, ,12-50-58,-0.0059
Baseline:, ,12-50-58,-0.0176
Baseline:, ,12-50-58,-0.0146
Baseline:, ,12-50-58,-0.0117
Baseline:, ,12-50-58,-0.0059
Baseline:, ,12-50-58,-0.0059
Baseline:, ,12-50-58,-0.0029
Baseline:, ,12-50-58,-0.0088
Baseline:, ,12-50-58,-0.0059
Baseline:, ,12-50-58,-0.0205
Baseline:, ,12-50-58,-0.0059
Baseline:, ,12-50-58,-0.0117
Baseline:, ,12-50-58,0.0000
Baseline:, ,12-50-58,-0.0146
Baseline:, ,12-50-58,-0.0029
Baseline:, ,12-50-59,-0.0059
Baseline:, ,12-50-59,-0.0146
Baseline:, ,12-50-59,-0.0029
Baseline:, ,12-50-59,-0.0029
Baseline:, ,12-50-59,-0.0059
Baseline:, ,12-50-59,-0.0146
Baseline:, ,12-50-59,0.0000
Baseline:, ,12-50-59,-0.0059
Baseline:, ,12-50-59,-0.0059
Baseline:, ,12-50-59,-0.0088
Baseline:, ,12-50-59,-0.0117
Baseline:, ,12-50-59,-0.0117
Baseline:, ,12-50-59,-0.0117
Baseline:, ,12-50-59,-0.0059
Baseline:, ,12-50-59,-0.0059
Baseline:, ,12-50-59,-0.0117
Baseline:, ,12-50-59,0.0000
Baseline:, ,12-50-59,-0.0029
Baseline:, ,12-50-59,-0.0088
Baseline:, ,12-50-59,-0.0088
Baseline:, ,12-50-59,-0.0117
Baseline:, ,12-50-59,-0.0117
Baseline:, ,12-50-59,0.0088
Baseline:, ,12-50-59,-0.0059
Baseline:, ,12-50-59,-0.0029
Baseline:, ,12-50-59,-0.0088
Baseline:, ,12-50-59,-0.0176
Baseline:, ,12-50-59,-0.0059
Baseline:, ,12-50-59,-0.0088
Baseline:, ,12-50-59,-0.0059
Baseline:, ,12-50-59,-0.0059
Baseline:, ,12-50-59,0.0000
Baseline:, ,12-50-59,-0.0117
Baseline:, ,12-50-59,-0.0146
Baseline:, ,12-50-59,-0.0059
Baseline:, ,12-50-59,-0.0029
Baseline:, ,12-50-59,0.0000
Baseline:, ,12-50-59,-0.0059
Baseline:, ,12-50-59,-0.0059
Baseline:, ,12-50-59,0.0029
Baseline:, ,12-50-59,-0.0176
Baseline:, ,12-50-59,-0.0117
Baseline:, ,12-50-59,-0.0176
Baseline:, ,12-50-59,-0.0029
Baseline:, ,12-50-59,-0.0088
Baseline:, ,12-50-59,-0.0029
Baseline:, ,12-50-59,-0.0059
Baseline:, ,12-50-59,-0.0176
Baseline:, ,12-50-59,-0.0088
Baseline:, ,12-50-59,-0.0117
Baseline:, ,12-50-59,-0.0029
Baseline:, ,12-50-59,-0.0059
Baseline:, ,12-50-59,-0.0059
Baseline:, ,12-50-59,-0.0117
Baseline:, ,12-50-59,-0.0088
Baseline:, ,12-50-59,0.0029
Baseline:, ,12-50-59,-0.0088
Baseline:, ,12-50-59,-0.0117
Baseline:, ,12-50-59,-0.0088
Baseline:, ,12-50-59,-0.0088
Baseline:, ,12-50-59,-0.0146
Baseline:, ,12-50-59,-0.0059
Baseline:, ,12-50-59,-0.0029
Baseline:, ,12-50-59,-0.0059
Baseline:, ,12-50-59,-0.0059
Baseline:, ,12-50-59,-0.0059
Baseline:, ,12-50-59,-0.0059
Baseline:, ,12-50-59,-0.0176
Baseline:, ,12-50-59,-0.0117
Baseline:, ,12-50-59,-0.0117
Baseline:, ,12-50-59,-0.0176
Baseline:, ,12-50-59,-0.0117
Baseline:, ,12-50-59,-0.0059
Baseline:, ,12-50-59,-0.0205
Baseline:, ,12-50-59,-0.0117
Baseline:, ,12-50-59,-0.0088
Baseline:, ,12-50-59,-0.0146
Baseline:, ,12-50-59,-0.0146
Baseline:, ,12-50-59,-0.0088
Baseline:, ,12-50-59,-0.0117
Baseline:, ,12-50-59,-0.0088
Baseline:, ,12-50-59,-0.0088
Baseline:, ,12-50-59,-0.0059
Baseline:, ,12-50-59,-0.0117
Baseline:, ,12-50-59,-0.0146
Baseline:, ,12-50-59,-0.0088
Baseline:, ,12-50-59,-0.0088
Baseline:, ,12-50-59,-0.0146
Baseline:, ,12-50-59,-0.0029
Baseline:, ,12-50-59,-0.0059
Baseline:, ,12-50-59,-0.0088
Baseline:, ,12-50-59,-0.0059
Baseline:, ,12-50-59,0.0000
Baseline:, ,12-50-59,-0.0059
Baseline:, ,12-50-59,-0.0059
Baseline:, ,12-50-59,-0.0029
Baseline:, ,12-50-59,0.0000
Baseline:, ,12-50-59,-0.0176
Baseline:, ,12-50-59,-0.0088
Baseline:, ,12-51-00,-0.0088
Baseline:, ,12-51-00,-0.0059
Baseline:, ,12-51-00,-0.0088
Baseline:, ,12-51-00,-0.0146
Baseline:, ,12-51-00,-0.0117
Baseline:, ,12-51-00,0.0000
Baseline:, ,12-51-00,-0.0088
Baseline:, ,12-51-00,-0.0059
Baseline:, ,12-51-00,-0.0088
Baseline:, ,12-51-00,-0.0117
Baseline:, ,12-51-00,-0.0029
Baseline:, ,12-51-00,-0.0146
Baseline:, ,12-51-00,-0.0059
Baseline:, ,12-51-00,-0.0059
Baseline:, ,12-51-00,-0.0029
Baseline:, ,12-51-00,-0.0088
Baseline:, ,12-51-00,-0.0088
Baseline:, ,12-51-00,-0.0117
Baseline:, ,12-51-00,-0.0088
Baseline:, ,12-51-00,-0.0146
Baseline:, ,12-51-00,-0.0029
Baseline:, ,12-51-00,-0.0117
Baseline:, ,12-51-00,-0.0117
Baseline:, ,12-51-00,-0.0205
Baseline:, ,12-51-00,-0.0059
Baseline:, ,12-51-00,-0.0176
Baseline:, ,12-51-00,-0.0146
Baseline:, ,12-51-00,-0.0088
Baseline:, ,12-51-00,-0.0088
Baseline:, ,12-51-00,-0.0146
Baseline:, ,12-51-00,-0.0117
Baseline:, ,12-51-00,-0.0088
Baseline:, ,12-51-00,-0.0059
Baseline:, ,12-51-00,-0.0059
Baseline:, ,12-51-00,-0.0146
Baseline:, ,12-51-00,-0.0117
Baseline:, ,12-51-00,-0.0088
Baseline:, ,12-51-00,-0.0059
Baseline:, ,12-51-00,-0.0029
Baseline:, ,12-51-00,-0.0029
Baseline:, ,12-51-00,-0.0088
Baseline:, ,12-51-00,-0.0088
Baseline:, ,12-51-00,-0.0088
Baseline:, ,12-51-00,-0.0059
Baseline:, ,12-51-00,0.0000
Baseline:, ,12-51-00,-0.0059
Baseline:, ,12-51-00,-0.0059
Baseline:, ,12-51-00,-0.0088
Baseline:, ,12-51-00,-0.0059
Baseline:, ,12-51-00,-0.0117
Baseline:, ,12-51-00,-0.0029
Baseline:, ,12-51-00,-0.0029
Baseline:, ,12-51-00,-0.0059
Baseline:, ,12-51-00,-0.0088
Baseline:, ,12-51-00,-0.0059
Baseline:, ,12-51-00,-0.0029
Baseline:, ,12-51-00,-0.0029
Baseline:, ,12-51-00,-0.0117
Baseline:, ,12-51-00,-0.0059
Baseline:, ,12-51-00,-0.0029
Baseline:, ,12-51-00,-0.0088
Baseline:, ,12-51-00,-0.0029
Baseline:, ,12-51-00,-0.0088
Baseline:, ,12-51-00,-0.0059
Baseline:, ,12-51-00,-0.0029
Baseline:, ,12-51-00,-0.0088
Baseline:, ,12-51-00,0.0000
Baseline:, ,12-51-00,-0.0088
Baseline:, ,12-51-00,-0.0117
Baseline:, ,12-51-00,-0.0088
Baseline:, ,12-51-00,-0.0146
Baseline:, ,12-51-00,-0.0029
Baseline:, ,12-51-00,-0.0059
Baseline:, ,12-51-00,-0.0088
Baseline:, ,12-51-00,0.0029
Baseline:, ,12-51-00,-0.0088
Baseline:, ,12-51-00,-0.0117
Baseline:, ,12-51-00,-0.0117
Baseline:, ,12-51-00,-0.0146
Baseline:, ,12-51-00,0.0000
Baseline:, ,12-51-00,-0.0029
Baseline:, ,12-51-00,-0.0117
Baseline:, ,12-51-00,-0.0088
Baseline:, ,12-51-00,-0.0029
Baseline:, ,12-51-00,0.0000
Baseline:, ,12-51-00,-0.0117
Baseline:, ,12-51-00,-0.0029
Baseline:, ,12-51-00,-0.0088
Baseline:, ,12-51-00,-0.0146
Baseline:, ,12-51-00,-0.0088
Baseline:, ,12-51-00,-0.0059
Baseline:, ,12-51-00,-0.0088
Baseline:, ,12-51-00,-0.0117
Baseline:, ,12-51-00,-0.0059
Baseline:, ,12-51-00,-0.0059
Baseline:, ,12-51-00,-0.0117
Baseline:, ,12-51-00,-0.0029
Baseline:, ,12-51-00,-0.0059
Baseline:, ,12-51-01,-0.0029
Baseline:, ,12-51-01,-0.0088
Baseline:, ,12-51-01,-0.0088
Baseline:, ,12-51-01,0.0029
Baseline:, ,12-51-01,-0.0029
Baseline:, ,12-51-01,-0.0117
Baseline:, ,12-51-01,-0.0029
Baseline:, ,12-51-01,-0.0117
Baseline:, ,12-51-01,-0.0088
Baseline:, ,12-51-01,0.0000
Baseline:, ,12-51-01,0.0000
Baseline:, ,12-51-01,-0.0146
Baseline:, ,12-51-01,0.0000
Baseline:, ,12-51-01,-0.0059
Baseline:, ,12-51-01,-0.0176
Baseline:, ,12-51-01,-0.0088
Baseline:, ,12-51-01,-0.0059
Baseline:, ,12-51-01,-0.0088
Baseline:, ,12-51-01,-0.0059
Baseline:, ,12-51-01,0.0000
Baseline:, ,12-51-01,-0.0088
Baseline:, ,12-51-01,-0.0088
Baseline:, ,12-51-01,-0.0176
Baseline:, ,12-51-01,-0.0146
Baseline:, ,12-51-01,0.0000
Baseline:, ,12-51-01,-0.0117
Baseline:, ,12-51-01,-0.0117
Baseline:, ,12-51-01,-0.0146
Baseline:, ,12-51-01,-0.0059
Baseline:, ,12-51-01,-0.0059
Baseline:, ,12-51-01,-0.0088
Baseline:, ,12-51-01,0.0000
Baseline:, ,12-51-01,0.0000
Baseline:, ,12-51-01,0.0000
Baseline:, ,12-51-01,-0.0029
Baseline:, ,12-51-01,-0.0059
Baseline:, ,12-51-01,-0.0117
Baseline:, ,12-51-01,-0.0117
Baseline:, ,12-51-01,-0.0205
Baseline:, ,12-51-01,-0.0146
Baseline:, ,12-51-01,-0.0117
Baseline:, ,12-51-01,0.0000
Baseline:, ,12-51-01,-0.0088
Baseline:, ,12-51-01,-0.0088
Baseline:, ,12-51-01,-0.0117
Baseline:, ,12-51-01,-0.0117
Baseline:, ,12-51-01,-0.0088
Baseline:, ,12-51-01,0.0000
Baseline:, ,12-51-01,-0.0059
Baseline:, ,12-51-01,-0.0146
Baseline:, ,12-51-01,-0.0176
Baseline:, ,12-51-01,-0.0117
Baseline:, ,12-51-01,-0.0088
Baseline:, ,12-51-01,-0.0059
Baseline:, ,12-51-01,-0.0029
Baseline:, ,12-51-01,-0.0117
Baseline:, ,12-51-01,-0.0146
Baseline:, ,12-51-01,-0.0117
Baseline:, ,12-51-01,-0.0029
Baseline:, ,12-51-01,-0.0205
Baseline:, ,12-51-01,-0.0146
Baseline:, ,12-51-01,-0.0117
Baseline:, ,12-51-01,-0.0117
Baseline:, ,12-51-01,-0.0059
Baseline:, ,12-51-01,-0.0059
Baseline:, ,12-51-01,-0.0117
Baseline:, ,12-51-01,-0.0088
Baseline:, ,12-51-01,-0.0059
Baseline:, ,12-51-01,-0.0029
Baseline:, ,12-51-01,0.0000
Baseline:, ,12-51-01,-0.0117
Baseline:, ,12-51-01,-0.0059
Baseline:, ,12-51-01,-0.0117
Baseline:, ,12-51-01,0.0000
Baseline:, ,12-51-01,-0.0059
Baseline:, ,12-51-01,-0.0176
Baseline:, ,12-51-01,-0.0059
Baseline:, ,12-51-01,-0.0088
Baseline:, ,12-51-01,-0.0088
Baseline:, ,12-51-01,-0.0176
Baseline:, ,12-51-01,-0.0146
Baseline:, ,12-51-01,-0.0088
Baseline:, ,12-51-01,-0.0059
Baseline:, ,12-51-01,-0.0088
Baseline:, ,12-51-01,0.0000
Baseline:, ,12-51-01,0.0029
Baseline:, ,12-51-01,-0.0176
Baseline:, ,12-51-01,0.0000
Baseline:, ,12-51-01,-0.0059
Baseline:, ,12-51-01,-0.0059
Baseline:, ,12-51-01,-0.0059
Baseline:, ,12-51-01,-0.0117
Baseline:, ,12-51-01,-0.0117
Baseline:, ,12-51-01,-0.0029
Baseline:, ,12-51-01,-0.0059
Baseline:, ,12-51-01,-0.0088
Baseline:, ,12-51-01,-0.0088
Baseline:, ,12-51-01,-0.0117
Baseline:, ,12-51-01,-0.0088
Baseline:, ,12-51-02,-0.0088
Baseline:, ,12-51-02,-0.0088
Baseline:, ,12-51-02,-0.0088
Baseline:, ,12-51-02,-0.0146
Baseline:, ,12-51-02,-0.0146
Baseline:, ,12-51-02,-0.0205
Baseline:, ,12-51-02,0.0029
Baseline:, ,12-51-02,-0.0088
Baseline:, ,12-51-02,0.0029
Baseline:, ,12-51-02,-0.0146
Baseline:, ,12-51-02,-0.0088
Baseline:, ,12-51-02,-0.0029
Baseline:, ,12-51-02,-0.0029
Baseline:, ,12-51-02,0.0000
Baseline:, ,12-51-02,-0.0088
Baseline:, ,12-51-02,-0.0146
Baseline:, ,12-51-02,-0.0059
Baseline:, ,12-51-02,-0.0146
Baseline:, ,12-51-02,-0.0146
Baseline:, ,12-51-02,-0.0029
Baseline:, ,12-51-02,0.0000
Baseline:, ,12-51-02,-0.0029
Baseline:, ,12-51-02,-0.0088
Baseline:, ,12-51-02,-0.0059
Baseline:, ,12-51-02,-0.0059
Baseline:, ,12-51-02,-0.0117
Baseline:, ,12-51-02,-0.0117
Baseline:, ,12-51-02,-0.0117
Baseline:, ,12-51-02,-0.0029
Baseline:, ,12-51-02,-0.0176
Baseline:, ,12-51-02,-0.0176
Baseline:, ,12-51-02,-0.0029
Baseline:, ,12-51-02,-0.0117
Baseline:, ,12-51-02,-0.0117
Baseline:, ,12-51-02,-0.0088
Baseline:, ,12-51-02,-0.0088
Baseline:, ,12-51-02,-0.0029
Baseline:, ,12-51-02,0.0000
Baseline:, ,12-51-02,-0.0029
Baseline:, ,12-51-02,-0.0029
Baseline:, ,12-51-02,-0.0059
Baseline:, ,12-51-02,-0.0088
Baseline:, ,12-51-02,-0.0059
Baseline:, ,12-51-02,-0.0059
Baseline:, ,12-51-02,-0.0059
Baseline:, ,12-51-02,-0.0059
Baseline:, ,12-51-02,0.0000
Baseline:, ,12-51-02,-0.0059
Baseline:, ,12-51-02,-0.0029
Baseline:, ,12-51-02,-0.0029
Baseline:, ,12-51-02,-0.0029
Baseline:, ,12-51-02,-0.0088
Baseline:, ,12-51-02,-0.0088
Baseline:, ,12-51-02,-0.0088
Baseline:, ,12-51-02,-0.0088
Baseline:, ,12-51-02,-0.0088
Baseline:, ,12-51-02,0.0000
Baseline:, ,12-51-02,-0.0146
Baseline:, ,12-51-02,-0.0117
Baseline:, ,12-51-02,-0.0146
Baseline:, ,12-51-02,-0.0029
Baseline:, ,12-51-02,-0.0029
Baseline:, ,12-51-02,-0.0117
Baseline:, ,12-51-02,0.0000
Baseline:, ,12-51-02,-0.0146
Baseline:, ,12-51-02,-0.0088
Baseline:, ,12-51-02,-0.0176
Baseline:, ,12-51-02,-0.0176
Baseline:, ,12-51-02,-0.0059
Baseline:, ,12-51-02,-0.0146
Baseline:, ,12-51-02,0.0000
Baseline:, ,12-51-02,-0.0176
Baseline:, ,12-51-02,-0.0029
Baseline:, ,12-51-02,0.0000
Baseline:, ,12-51-02,-0.0117
Baseline:, ,12-51-02,-0.0146
Baseline:, ,12-51-02,-0.0029
Baseline:, ,12-51-02,-0.0029
Baseline:, ,12-51-02,0.0000
Baseline:, ,12-51-02,-0.0117
Baseline:, ,12-51-02,-0.0029
Baseline:, ,12-51-02,-0.0059
Baseline:, ,12-51-02,-0.0146
Baseline:, ,12-51-02,-0.0146
Baseline:, ,12-51-02,-0.0146
Baseline:, ,12-51-02,0.0000
Baseline:, ,12-51-02,0.0000
Baseline:, ,12-51-02,-0.0088
Baseline:, ,12-51-02,-0.0029
Baseline:, ,12-51-02,-0.0117
Baseline:, ,12-51-02,-0.0117
Baseline:, ,12-51-02,-0.0088
Baseline:, ,12-51-02,-0.0117
Baseline:, ,12-51-02,-0.0059
Baseline:, ,12-51-02,-0.0117
Baseline:, ,12-51-02,0.0000
Baseline:, ,12-51-02,-0.0059
Baseline:, ,12-51-02,-0.0088
